title,url,address,latitude,longitude,price,info,description
4 bedroom house - heat and light included,https://www.kijiji.ca/v-apartments-condos/st-johns/4-bedroom-house-heat-and-light-included/1738898741,"St. John&apos;s, NL A1B 4P3",47.591112166453,-52.738023247913,$2600,Bedrooms: 4 *** Bathrooms: 1 *** Size (sq ft): 2400 *** Pets Allowed: No *** Lease Length: one-year,"Very nice and spacious 4 bedroom house. Has laminate and hardwood flooring throughout and was recently painted. Comes with 5 appliances: fridge, stove, dishwasher, washer and dryer. $2600.00 and that ..."
"Fully Renovated in 2025! Center City, St. John’s! 3 BR Main Floo",https://www.kijiji.ca/v-apartments-condos/st-johns/fully-renovated-in-2025-center-city-st-john-s-3-br-main-floo/1738882004,"St. John&apos;s, NL A1E 5N9, Canada",47.551753766626,-52.747441070502,$2000,Bedrooms: 3 *** Bathrooms: 1.5 *** Size (sq ft): 1300 *** Pets Allowed: No *** Lease Length: one-year,"Welcome to 482 Empire Avenue! This beautifully updated bright and spacious 3-bedroom house was fully renovated in 2025. The updated kitchen includes a fridge, stove, and dishwasher, while the ..."
Stunning 3-BR Oceanside Single Family Home in Scenic Petty Harbo,https://www.kijiji.ca/v-apartments-condos/st-johns/stunning-3-br-oceanside-single-family-home-in-scenic-petty-harbo/1738880997,"Petty Harbour, NL A0A 3H0",47.455734120428,-52.876846842876,$1850,Bedrooms: 3 *** Bathrooms: 1 *** Size (sq ft): 1200 *** Pets Allowed: No *** Lease Length: one-year,"Welcome to 68 Southside Road, Petty Harbour-Maddox Cove. This stunning 3 Bedroom 1 Bathroom Single Family Home is Sure to Impress. It’s Modern, Fully Furnished and Equipped, and Features a Large ..."
Newly renovated 2 bedroom apartment in West End!,https://www.kijiji.ca/v-apartments-condos/st-johns/newly-renovated-2-bedroom-apartment-in-west-end/1738880516,"34a Fitzgibbon Street, St. John&apos;s, NL, A1B 1V5",47.54301001669,-52.73770498705,$1600,Bedrooms: 2 *** Bathrooms: 1 *** Size (sq ft): 0 *** Pets Allowed: No *** Lease Length: one-year,"This beautifully renovated 2 bedroom apartment is located in the West End and just minutes from grocery stores, the Village Mall, Avalon Mall, the Health Sciences Centre, MUN and bus routes! Ideal ..."
"Cozy &amp; Inviting 2-BR Apt Located in CBS, with Quick Access to Ma",https://www.kijiji.ca/v-apartments-condos/st-johns/cozy-inviting-2-br-apt-located-in-cbs-with-quick-access-to-ma/1738880202,"Conception Bay South, NL A1W 4T2",47.517618549763,-52.938863957738,$1295,Bedrooms: 2 *** Bathrooms: 1 *** Size (sq ft): 900 *** Pets Allowed: No *** Lease Length: one-year,"Welcome to 3A Sweetenwater Crescent! This cozy and bright 2-bedroom apartment is located in the scenic area of Manuel’s, Conception Bay South. The unit features a spacious primary bedroom with two ..."
"Cozy 2 BR Apt, Located in Paradise in Walking Distance to Holy F",https://www.kijiji.ca/v-apartments-condos/st-johns/cozy-2-br-apt-located-in-paradise-in-walking-distance-to-holy-f/1738879436,"Paradise, NL A1L 0R5",47.543526593383,-52.899140023114,$1350,Bedrooms: 2 *** Bathrooms: 1 *** Size (sq ft): 900 *** Pets Allowed: No *** Lease Length: one-year,"Welcome to 50a Westport Drive! This Cozy and Functional 2 Bedroom Apt received a fresh coat of paint in 2025. This Basement Apartment features a Modern Kitchen with Beautiful Cabinets, and Stainless ..."
Modern Downtown Living — 2 BR Condo in the Heart of Historic St.,https://www.kijiji.ca/v-apartments-condos/st-johns/modern-downtown-living-2-br-condo-in-the-heart-of-historic-st/1738878396,"St. John&apos;s, NL A1E 2S5, Canada",47.553280907475,-52.717298824674,$1700,Bedrooms: 2 *** Bathrooms: 1 *** Size (sq ft): 900 *** Pets Allowed: No *** Lease Length: one-year,"Welcome to 7 Patrick Street, Unit #4 — where charm meets comfort in the heart of St. John’s. This spacious two-bedroom condo offers the perfect blend of modern features and cozy touches, ideal for ..."
"Well Maintained &amp; Functional, 3 BR Main Floor Home Located Desir",https://www.kijiji.ca/v-apartments-condos/st-johns/well-maintained-functional-3-br-main-floor-home-located-desir/1738877883,"Centennial Street, Mount Pearl, NL",47.518890882466,-52.80537266759,$1850,Bedrooms: 3 *** Bathrooms: 1.5 *** Size (sq ft): 1200 *** Pets Allowed: No *** Lease Length: one-year,"Welcome to 107 Greenspond Drive! This well-maintained property is in great condition and has received many updates in recent years. As you enter through the front door, you are greeted by a spacious ..."
2 bedroom apartment - Rent East End from 1st July,https://www.kijiji.ca/v-apartments-condos/st-johns/2-bedroom-apartment-rent-east-end-from-1st-july/1738867552,"St. John&apos;s, NL A1E",47.536188984,-52.753022265,$1550,Bedrooms: 2 *** Bathrooms: 1 *** Size (sq ft): 6 *** Pets Allowed: No *** Lease Length: one-year,2 bedroom apartment - Rent East End from 1st July. Utilities paid by tenants.
6 Oxen Pond Place,https://www.kijiji.ca/v-apartments-condos/st-johns/6-oxen-pond-place/1738866846,"Oxen Pond Road, St. John&apos;s, NL",47.566648995302,-52.762375023571,$1450,Bedrooms: 1 *** Bathrooms: 1 *** Size (sq ft): 1098 *** Pets Allowed: No *** Lease Length: one-year,"Situated on a secluded cul de sac in very close proximity to Health Science &amp; MUN. Spacious, immaculate, freshly painted 1 bedroom basement apartment. Kitchen has an abundance of cabinetry and ..."
"32 Cook Street St. John&apos;s, Newfoundland &amp; Labrador",https://www.kijiji.ca/v-apartments-condos/st-johns/32-cook-street-st-johns-newfoundland-labrador/1737296543,"Cook Street, St. John&apos;s, NL, A1C4L4",47.56466296996,-52.718074340947,$2800,Bedrooms: 3 *** Bathrooms: 4 *** Size (sq ft): 0 *** Pets Allowed: No *** Lease Length: Not Available,"Nestled on charming Cook Street, this beautifully designed fully furnished home blends historic character with modern convenience in one of St. John’s oldest neighborhoods. Spanning three ..."
3 bedroom House for Rent,https://www.kijiji.ca/v-apartments-condos/st-johns/3-bedroom-house-for-rent/1738847904,"Topsail, Conception Bay South, NL A1W 5V9",47.545287798878,-52.916300293485,$2000,Bedrooms: 3 *** Bathrooms: 1.5 *** Size (sq ft): 1250 *** Pets Allowed: No *** Lease Length: month-to-month,"3 bedroom, 2 story main house for rent in Topsail Conception Bay South. 1 and a half bathroom, eat in Kitchen, living room, dining area, fridge, stove, dishwasher, washer dryer. Freshly painted, new ..."
1 bed + private bath apartment,https://www.kijiji.ca/v-apartments-condos/st-johns/1-bed-private-bath-apartment/1735475578,"St. John&apos;s, NL A1B 4R9",47.56197017504,-52.760637455043,$1500,Bedrooms: 1 *** Bathrooms: 1 *** Size (sq ft): 900 *** Pets Allowed: No *** Lease Length: month-to-month,"✨ Long-Term Female Tenant Wanted! ✨ One private room, one private bathroom/ with shower, ONLY the kitchen is shared with 1 other senior tenant 3 - month to month rent , possible 1 year lease if ..."
3 Bedroom House for Rent,https://www.kijiji.ca/v-apartments-condos/st-johns/3-bedroom-house-for-rent/1738826659,"St. John&apos;s, NL, A1B",47.568555414,-52.776419262,$2500,Bedrooms: 3.5 *** Bathrooms: 1 *** Size (sq ft): 2500 *** Pets Allowed: Yes *** Lease Length: one-year,"3-Bedroom Unfurnished Apartment for Rent Available July 1st, 2026, Pet friendly. POU St. John’s, NL – Higgins Line! About the Apartment: 3 bright and spacious bedrooms 1 full bathroom Additional ..."
Private basement suite with shared kitchen/bath,https://www.kijiji.ca/v-apartments-condos/st-johns/private-basement-suite-with-shared-kitchen-bath/1738818170,"St. John&apos;s, NL A1E 4N4",47.542216921012,-52.746673958724,$1000,Bedrooms: 1.5 *** Bathrooms: 1.5 *** Size (sq ft): 750 *** Pets Allowed: No *** Lease Length: month-to-month,"Cozy private basement suite including bedroom, living room and office/closet. Tenant to share kitchen and bathroom with other house members. Female preferred. Single occupancy only (unless short term ..."
2 bed apartment private driveway,https://www.kijiji.ca/v-apartments-condos/st-johns/2-bed-apartment-private-driveway/1738807001,"16 Aspenwood Pl, Mount Pearl, NL A1N 3K8",47.533766998692,-52.802352007852,$1200,Bedrooms: 2 *** Bathrooms: 1 *** Size (sq ft): 1100 *** Pets Allowed: No *** Lease Length: one-year,"This lower level apartment has to large bedrooms and one bath. Great location, close to all amenities and its own private driveway for 2 vehicles, available July 1, one year lease, 1200/month pou"
"3 rooms for rent, female only",https://www.kijiji.ca/v-apartments-condos/st-johns/3-rooms-for-rent-female-only/1738773078,"A1C 3K1, Canada",47.573142162325,-52.701259633853,$540,Bedrooms: 3 *** Bathrooms: 1 *** Size (sq ft): 1500 *** Pets Allowed: No *** Lease Length: month-to-month,Three rooms for rent. 540 each if you rent all three rooms; or 570 for each room. POU. Furniture can be provided if needed. Female international student or working professional only. Direct bus to ...
"134 Portugal Cove Road Unit#304 St. John&apos;s, Newfoundland &amp; Labra",https://www.kijiji.ca/v-apartments-condos/st-johns/134-portugal-cove-road-unit-304-st-johns-newfoundland-labra/1737189297,"Portugal Cove Road Unit#304, St. John&apos;s, NL, A1A0L1",47.588952317642,-52.712981976901,$2200,Bedrooms: 2 *** Bathrooms: 2 *** Size (sq ft): 0 *** Pets Allowed: No *** Lease Length: Not Available,"Thinking about downsizing without compromising on comfort or convenience? Welcome to Unit 304 at The Highgate, a beautifully refreshed condo at 134 Portugal Cove Road that is now available for lease. ..."
4A Albany St - Spacious Three Bedroom Apartment,https://www.kijiji.ca/v-apartments-condos/st-johns/4a-albany-st-spacious-three-bedroom-apartment/1738742706,"4A Albany Street, St. John&apos;s, NL, A1E 3C5",47.54764157587,-52.732081775268,$1450,Bedrooms: 3 *** Bathrooms: 1 *** Size (sq ft): 0 *** Pets Allowed: No *** Lease Length: one-year,"4A Albany Street is a large three bedroom apartment conveniently located in the center of St Johns and on a bus route. This unit is very spacious with a large main living area, large kitchen, ..."
92A Glendale Ave - Spacious Three Bedroom Apartment,https://www.kijiji.ca/v-apartments-condos/st-johns/92a-glendale-ave-spacious-three-bedroom-apartment/1738734838,"92 Glendale Ave, Mount Pearl, NL, A1N 1N6",47.519769010842,-52.817868000277,$1200,Bedrooms: 3 *** Bathrooms: 1 *** Size (sq ft): 0 *** Pets Allowed: No *** Lease Length: one-year,"92A Glendale Avenue is a large 3 bedroom apartment located in a great family area of Mount Pearl. The apartment features spacious living areas including three bedrooms, large living room, eat-in ..."
Unit 2 - 91-95 Pennywell Road: Spacious One Bedroom Apartment,https://www.kijiji.ca/v-apartments-condos/st-johns/unit-2-91-95-pennywell-road:-spacious-one-bedroom-apartment/1738734850,"91-95 Pennywell Road, St. John&apos;s, NL, A1C 2L2",47.56221429797,-52.72065627981,$950,Bedrooms: 1 *** Bathrooms: 1 *** Size (sq ft): 0 *** Pets Allowed: No *** Lease Length: one-year,"91-95 Pennywell Road, Unit 2, is a newly painted spacious one bedroom apartment located in Downtown St. John&apos;s. It is within walking distance of many bus stops (Routes 2, 10, and 11), the Capital ..."
31A Motion Dr - One Bed + Den with Ocean Views and Private Deck!,https://www.kijiji.ca/v-apartments-condos/st-johns/31a-motion-dr-one-bed-den-with-ocean-views-and-private-deck/1738734836,"31 Motion Drive, Torbay, NL, A1K 1A7",47.661624885007,-52.714282010083,$1250,Bedrooms: 1.5 *** Bathrooms: 1 *** Size (sq ft): 0 *** Pets Allowed: No *** Lease Length: one-year,"31A Motion Dr is a large, very private, one bedroom with den apartment on Motion Drive in Torbay with private deck and view of the ocean. This large apartment consists of a large eat in kitchen, very ..."
Rooms for rent.,https://www.kijiji.ca/v-apartments-condos/st-johns/rooms-for-rent/1738728116,"Stavanger Dr, St. John&apos;s, NL A1A",47.621000653407,-52.705662869064,$370,Bedrooms: 2 *** Bathrooms: 2 *** Size (sq ft): 1 *** Pets Allowed: No *** Lease Length: month-to-month,I have rooms for rent near stavanger drive. If anyone looking for the room please text here.
Homeport Apartments - 2 Bedroom 1 Bath Apartment for Rent,https://www.kijiji.ca/v-apartments-condos/st-johns/homeport-apartments-2-bedroom-1-bath-apartment-for-rent/1738726541,"148 Torbay Rd, St. John&apos;s, NL, A1A 2G8",47.590037983651,-52.709301986131,$1275,Bedrooms: 2 *** Bathrooms: 1 *** Size (sq ft): 656 *** Pets Allowed: Yes *** Lease Length: one-year,Current Promotions: Resident Insurance Included Homeport Apartments offers a variety of furnished and unfurnished suites. Executive apartments are recently renovated and feature air conditioning and ...
looking for house,https://www.kijiji.ca/v-apartments-condos/st-johns/looking-for-house/1738713118,"154 Torbay Rd, St. John&apos;s, A1A 2H2",47.591826011237,-52.709116997527,$2000,Bedrooms: 3 *** Bathrooms: 1 *** Size (sq ft): 2000 *** Pets Allowed: No *** Lease Length: one-year,Hi We are 3 family members looking for unfurnished or semi furnished house from 1st july 2026 for long term at least 1 year. We are all mature adults and all working . Ready to provide references. We ...
"11 L&apos;Anse Aux Meadow Crescent Unit#Apt 4 St. John&apos;s - NL, Newfou",https://www.kijiji.ca/v-apartments-condos/st-johns/11-lanse-aux-meadow-crescent-unit-apt-4-st-johns-nl-newfou/1738656989,"L&apos;Anse Aux Meadow Crescent Unit#Apt 4, St. John&apos;s - NL, NL, A1E0G9",47.54349050929,-52.747534444904,$3250,Bedrooms: 1 *** Bathrooms: 1 *** Size (sq ft): 0 *** Pets Allowed: No *** Lease Length: Not Available,Welcome to this executive one-bedroom apartment located within Winslowe Ridge Retirement Centre on L&apos;Anse aux Meadows Crescent in St. John’s. Please note: this is NOT a retirement-only residence and ...
2 Bedroom Apartment,https://www.kijiji.ca/v-apartments-condos/st-johns/2-bedroom-apartment/1738655906,"19 Marconi Pl, St. John&apos;s, A1A 5C7",47.604972020539,-52.692942019875,$1200,Bedrooms: 2 *** Bathrooms: 1 *** Size (sq ft): 600 *** Pets Allowed: No *** Lease Length: month-to-month,Absolutely no pets or smoking.
4 bedrooms 1 bathroom top floor apartment,https://www.kijiji.ca/v-apartments-condos/st-johns/4-bedrooms-1-bathroom-top-floor-apartment/1738627009,"St. John&apos;s, NL A1E 3J3",47.538661988237,-52.742420394319,$2100,Bedrooms: 4 *** Bathrooms: 1 *** Size (sq ft): 1100 *** Pets Allowed: No *** Lease Length: one-year,(4BR + Storage/Laundry) - Top‑floor unit with large basement storage + private in‑unit laundry - Bright open‑concept living + dining area - 4 bedrooms with closets - 1 full bathroom with linen closet ...
looking for a room or house to rent,https://www.kijiji.ca/v-apartments-condos/st-johns/looking-for-a-room-or-house-to-rent/1738598438,"St. John&apos;s, NL, A1B3A1",47.575312404696,-52.726828461851,$700,Bedrooms: 1.5 *** Bathrooms: 1 *** Size (sq ft): 500 *** Pets Allowed: No *** Lease Length: one-year,"Hi everyone, I’m currently looking for a 1-bedroom or a 2 bed apartment in the St. John’s area preferably downtown or near Mun ideally in the 750 to $1,100 range. I’m a 21-year-old man, a mature and ..."
Apartment for rent mount Pearl July 1st,https://www.kijiji.ca/v-apartments-condos/st-johns/apartment-for-rent-mount-pearl-july-1st/1738592401,"Paradise, NL A1L 1E8",47.537669067987,-52.834038116426,$1200,Bedrooms: 1 *** Bathrooms: 1 *** Size (sq ft): 700 *** Pets Allowed: No *** Lease Length: month-to-month,1 bedroom apartment for July 1st Wi-Fi included $1200
"Cowan Heights, 1050/month H/L incl, Single Occupant",https://www.kijiji.ca/v-apartments-condos/st-johns/cowan-heights-1050-month-h-l-incl-single-occupant/1738558445,"Paradise, NL A1L 1E9",47.536750662856,-52.831775840759,$1050,Bedrooms: 1.5 *** Bathrooms: 1 *** Size (sq ft): 800 *** Pets Allowed: No *** Lease Length: month-to-month,"CURRENTLY ON HOLD. A great opportunity for a single occupant to have a full apartment at a reasonable rate. $ 1050/month with heat and light included. Cozy apartment that includes fridge, stove, ..."
"2 Bedroom Furnished Apartment Near MUN, Next to Avalon Mall",https://www.kijiji.ca/v-apartments-condos/st-johns/2-bedroom-furnished-apartment-near-mun-next-to-avalon-mall/1738558348,"Polina Road, St. John&apos;s, NL",47.550445,-52.773796,$1400,Bedrooms: 2 *** Bathrooms: 1 *** Size (sq ft): 670 *** Pets Allowed: No *** Lease Length: one-year,"This is a lovely furnished apartment with 2 bedrooms (1 larger, 1 smaller), fully furnished, dishwasher, and fridge/freezer. There is access to laundry facilities shared with the upstairs unit. It ..."
2 Bedroom Apartment for Rent,https://www.kijiji.ca/v-apartments-condos/st-johns/2-bedroom-apartment-for-rent/1738555334,"St. John&apos;s, NL A1B 0L6",47.553416610487,-52.809005227317,$1500,Bedrooms: 2 *** Bathrooms: 1 *** Size (sq ft): 2280 *** Pets Allowed: No *** Lease Length: one-year,"This 2-bedroom apartment is available for rent starting July 1st, 2026, located in the convenient Kenmount area. ($1500 monthly, POU), internet available"
"20 St Joseph&apos;s Lane St. John&apos;s, Newfoundland &amp; Labrador",https://www.kijiji.ca/v-apartments-condos/st-johns/20-st-josephs-lane-st-johns-newfoundland-labrador/1736976280,"St Joseph&apos;s Lane, St. John&apos;s, NL, A1G5V1",47.572276018361,-52.696602983725,$3000,Bedrooms: 3 *** Bathrooms: 4 *** Size (sq ft): 0 *** Pets Allowed: No *** Lease Length: Not Available,"Ideally positioned at the base of Signal Hill in the heart of downtown St. John&apos;s, this exceptional executive rental offers a rare combination of location, design, and turnkey convenience. This ..."
"1 Bedroom Apartment Downtown, Text to View, No Pets",https://www.kijiji.ca/v-apartments-condos/st-johns/1-bedroom-apartment-downtown-text-to-view-no-pets/1738518544,"23 Victoria St, St. John&apos;s, NL A1C 3V4",47.566696981698,-52.7076009627,$1295,Bedrooms: 1 *** Bathrooms: 1 *** Size (sq ft): 600 *** Pets Allowed: No *** Lease Length: month-to-month,"Please contact Jon by *text only* at 709-769-9400 to schedule a viewing No dogs, no cats, no exceptions References and proof of income required 1 bedroom unfurnished 2nd floor apartment at 23 ..."
Short Term/Long Term Rentals,https://www.kijiji.ca/v-apartments-condos/st-johns/short-term-long-term-rentals/1666735630,"Higgins Line, St. John&apos;s, NL",47.595267997866,-52.726335019211,$1575,Bedrooms: 0 *** Bathrooms: 1 *** Size (sq ft): 400 *** Pets Allowed: No *** Lease Length: one-year,Contact us directly for more information. info@latitudelivingstjohns.ca Visit https://latitudelivingstjohns.ca/ for application process. Find Your Perfect Fit at Latitude Living: Fully Furnished ...
House for rent ,https://www.kijiji.ca/v-apartments-condos/st-johns/house-for-rent/1738504222,"Grandy Crescent, Mount Pearl, NL A1N",47.524900347822,-52.814528977124,$2200,Bedrooms: 4 *** Bathrooms: 2.5 *** Size (sq ft): 2200 *** Pets Allowed: No *** Lease Length: one-year,"4 bedroom, 2.5 bath, Mt Pearl, pou. Application and references required. Available July 1st."
East End 2 Bedroom Apartment ,https://www.kijiji.ca/v-apartments-condos/st-johns/east-end-2-bedroom-apartment/1738493449,"14 MacKenzie St, St. John&apos;s, NL A1A 2V5",47.598461000062,-52.706352981136,$1700,Bedrooms: 2 *** Bathrooms: 1 *** Size (sq ft): 1500 *** Pets Allowed: No *** Lease Length: one-year,This is a beautiful newly renovated 2 bedroom above ground basement apartment. 14 Mackenzie Street. Located in a great east end neighbourhood close to parks and trails and minutes from downtown. Also ...
2 Story home for rent in Paradise NL,https://www.kijiji.ca/v-apartments-condos/st-johns/2-story-home-for-rent-in-paradise-nl/1738484503,"St Thomas Line, Paradise, NL, A1L0S2",47.534014977298,-52.893253077238,$2300,Bedrooms: 3 *** Bathrooms: 2.5 *** Size (sq ft): 1300 *** Pets Allowed: No *** Lease Length: one-year,"2300.00 ,POU Damage deposit 1150.00. References required. Has electric heat, propane fireplace. Laundry room with washer and dryer included. Partially furnished with 3 pc sofa set, China cabinet and ..."
looking for room to rent. ,https://www.kijiji.ca/v-apartments-condos/st-johns/looking-for-room-to-rent/1738465283,"13 Grenfell Ave, St. John&apos;s, A1C 3C8",47.561723998544,-52.72975802083,$600,Bedrooms: 1 *** Bathrooms: 1 *** Size (sq ft): 8 *** Pets Allowed: No *** Lease Length: one-year,Mature working man looking to rent a room in downtown area.
"All Inclusive, Furnished 2-bedrm APT W Sunroom Downtown St Johns",https://www.kijiji.ca/v-apartments-condos/st-johns/all-inclusive-furnished-2-bedrm-apt-w-sunroom-downtown-st-johns/1738439654,"Rawlins Cross, St. John&apos;s, NL A1C 3T1",47.569185191565,-52.709119009184,$2500,Bedrooms: 2 *** Bathrooms: 1 *** Size (sq ft): 1350 *** Pets Allowed: No *** Lease Length: month-to-month,"Available September 1st - April 30 2027. This charming furnished and spacious two bedroom apt has an indoor sunroom and dedicated workspace facing St. John’s harbour. Includes heat, light, and wifi. ..."
House for rent with three bedrooms,https://www.kijiji.ca/v-apartments-condos/st-johns/house-for-rent-with-three-bedrooms/1738411477,"St. John&apos;s, NL A1E",47.536188984,-52.753022265,$1800,Bedrooms: 3.5 *** Bathrooms: 1 *** Size (sq ft): 1990 *** Pets Allowed: No *** Lease Length: one-year,"It is a four-bedroom house, and you keep one bedroom for landlord who reserve the right to move in or rent out that room. So you will have three bedrooms and the public areas. If you pay 500 extra, ..."
2 Bed 1 Bath,https://www.kijiji.ca/v-apartments-condos/st-johns/2-bed-1-bath/1738387159,"St. John&apos;s, NL A1B 0L6",47.553416610487,-52.809005227317,$1500,Bedrooms: 2 *** Bathrooms: 1 *** Size (sq ft): 600 *** Pets Allowed: No *** Lease Length: one-year,"New Built. New washer, dryer, cooker, microwave, dish-washer, fridge. 1 year Contract. No Smoking. POU. Available from July 1st 2026. Reference required. Located in Kenmount, few minutes away from ..."
3 bedroom for rent - avaliable june 1,https://www.kijiji.ca/v-apartments-condos/st-johns/3-bedroom-for-rent-avaliable-june-1/1738386745,"Morgan Avenue, Paradise, NL",47.553318964833,-52.898749719114,$2350,Bedrooms: 3.5 *** Bathrooms: 2.5 *** Size (sq ft): 2300 *** Pets Allowed: No *** Lease Length: one-year,"3 Bedroom Home for Rent – Paradise | Available june 1 | $2,350 POU Beautiful and spacious 3-bedroom home available June 1 on a quiet, family-friendly street in Paradise. Conveniently located close to ..."
"2 Bedroom apartment near MUN, Avalon Mall: Laundry/Dishwasher",https://www.kijiji.ca/v-apartments-condos/st-johns/2-bedroom-apartment-near-mun-avalon-mall:-laundry-dishwasher/1738370797,"48 Wicklow Street, St. John&apos;s, NL, A1B 3H2",47.569591001407,-52.748108018538,$1600,Bedrooms: 2 *** Bathrooms: 1 *** Size (sq ft): 0 *** Pets Allowed: No *** Lease Length: one-year,"48 A Wicklow Street, St. Johns - 2 Bedrooms / 1 Bathroom / Laundry - $1600 P.O.U. This is a new and modern 2 bedroom apartment on Wicklow Street, West-end St. John&apos;s. The kitchen has a stainless ..."
"170 Portugal Cove Road Unit#110 St John&apos;s, Newfoundland &amp; Labrad",https://www.kijiji.ca/v-apartments-condos/st-johns/170-portugal-cove-road-unit-110-st-johns-newfoundland-labrad/1738348776,"Portugal Cove Road Unit#110, St John&apos;s, NL, A1B2N2",47.589847882087,-52.717983207068,$2200,Bedrooms: 2 *** Bathrooms: 2 *** Size (sq ft): 0 *** Pets Allowed: No *** Lease Length: Not Available,"Welcome to this well-maintained 55+ condo community offering comfort, convenience, and a peaceful lifestyle. This property includes one designated parking space with additional visitor parking ..."
"6A Edgecombe Drive St. John&apos;s, Newfoundland &amp; Labrador",https://www.kijiji.ca/v-apartments-condos/st-johns/6a-edgecombe-drive-st-johns-newfoundland-labrador/1736764500,"Edgecombe Drive, St. John&apos;s, NL, A1B4N6",47.592130905347,-52.734154313339,$1500,Bedrooms: 2 *** Bathrooms: 1 *** Size (sq ft): 0 *** Pets Allowed: No *** Lease Length: Not Available,"For lease! Welcome to 6A Edgecombe Drive, a centrally located new home on Bus Route in East-End near CNA, Marine Institute and several amenities with access to highway! This 2 bedroom unit is perfect ..."
"Cozy 1 bed, 1 bathroom apartment for rent in Southlands",https://www.kijiji.ca/v-apartments-condos/st-johns/cozy-1-bed-1-bathroom-apartment-for-rent-in-southlands/1738309302,"Almond Crescent, St. John&apos;s, NL A1H 1A6, Canada",47.489705848485,-52.814523211129,$1250,Bedrooms: 1.5 *** Bathrooms: 1 *** Size (sq ft): 1100 *** Pets Allowed: No *** Lease Length: one-year,"Cozy 1 and half bedroom apartment located in Almond Crescent, St. John&apos;s. Convenient location, near Mt. Pearl smart centre and Pits Memorial and TCH. - POU - Parking for 1 car - Damage deposit and ..."
"4 Steer Street St. John&apos;s, Newfoundland &amp; Labrador",https://www.kijiji.ca/v-apartments-condos/st-johns/4-steer-street-st-johns-newfoundland-labrador/1738247027,"Steer Street, St. John&apos;s, NL, A1E3W6",47.525047996326,-52.764031497186,$2250,Bedrooms: 3 *** Bathrooms: 2 *** Size (sq ft): 0 *** Pets Allowed: No *** Lease Length: Not Available,"This lovely 3-bedroom, 1.5-bath townhouse in the West End is ready for its next tenants! With a bright main floor, spacious bedrooms, and a private backyard, this home offers comfort and convenience ..."
Clarenville - Unit 13-Two Bedroom - H/L Inc,https://www.kijiji.ca/v-apartments-condos/st-johns/clarenville-unit-13-two-bedroom-h-l-inc/1738234227,"131 Marine Drive, Clarenville, NL, A5A 1M6",48.163917599322,-53.96023657823,$1200,Bedrooms: 2 *** Bathrooms: 1 *** Size (sq ft): 0 *** Pets Allowed: No *** Lease Length: one-year,"131 Marine Drive, Unit 13 - Large two bedroom suite in Clarenville with ocean views! Includes heat &amp; light, has its own private deck and there is shared laundry onsite. -Newly Painted and Move In ..."
single working male looking for room,https://www.kijiji.ca/v-apartments-condos/st-johns/single-working-male-looking-for-room/1738216343,"Mount Pearl, NL, A1N 2E3",47.514424248372,-52.818693031007,$900,Bedrooms: 1 *** Bathrooms: 1 *** Size (sq ft): 709 *** Pets Allowed: No *** Lease Length: month-to-month,Looking to rent a room asap preferably with ensuite bathroom in mount pearl price is fkexible you can reach me at 17096837663 by call or text.
3 BR + 2 Full Bath House for rent,https://www.kijiji.ca/v-apartments-condos/st-johns/3-br-2-full-bath-house-for-rent/1738191574,"St. John&apos;s, NL A1A 4M8",47.59537930954,-52.700639373018,$2100,Bedrooms: 3 *** Bathrooms: 2 *** Size (sq ft): 4521 *** Pets Allowed: No *** Lease Length: one-year,"3-Bedroom + 2-Full Bath. Single family. Semi-furnished. Location: East End, St. John’s. For family: $2100/month POU For individuals: Or if per room $700/month. Pet-free. No smoking allowed."
One bedroom apartment fully furnished near MUN,https://www.kijiji.ca/v-apartments-condos/st-johns/one-bedroom-apartment-fully-furnished-near-mun/1738108131,"Donegal Pl, St. John&apos;s, A1B 3L6",47.563756940967,-52.756203856024,$1000,Bedrooms: 1 *** Bathrooms: 1 *** Size (sq ft): 400 *** Pets Allowed: No *** Lease Length: one-year,"Above ground bachelor apartment, fully furnished, near university. $1000 including heat, light and internet. Washer dryer in apt. Preference given to mature Masters or PhD students at Memorial. Not ..."
"79A Tigress Street St. John&apos;s, Newfoundland &amp; Labrador",https://www.kijiji.ca/v-apartments-condos/st-johns/79a-tigress-street-st-johns-newfoundland-labrador/1736496612,"Tigress Street, St. John&apos;s, NL, A1B0G9",47.555802650205,-52.801616970343,$1500,Bedrooms: 2 *** Bathrooms: 1 *** Size (sq ft): 0 *** Pets Allowed: No *** Lease Length: Not Available,"For lease! Welcome to 79A Tigress Street, a centrally located new home home in Kenmount near Walmart, Home Depot and other amenities with access to highway! This 2 bedroom unit is perfect for young ..."
"25 Barters Hill Place St. John&apos;s, Newfoundland &amp; Labrador",https://www.kijiji.ca/v-apartments-condos/st-johns/25-barters-hill-place-st-johns-newfoundland-labrador/1738036765,"Barters Hill Place, St. John&apos;s, NL, A1C4K5",47.561180441783,-52.714686392727,$1600,Bedrooms: 3 *** Bathrooms: 1 *** Size (sq ft): 0 *** Pets Allowed: No *** Lease Length: Not Available,"Available immediately, this bright and spacious 3-bedroom home at 25 Barters Hill Place offers the perfect blend of comfort, character, and convenience in the heart of St. John’s. Enjoy your morning ..."
"6 East Middle Battery Road St. John’s, Newfoundland &amp; Labrador",https://www.kijiji.ca/v-apartments-condos/st-johns/6-east-middle-battery-road-st-john-s-newfoundland-labrador/1738030626,"East Middle Battery Road, St. John’s, NL, A1A1A3",47.56957007455,-52.691834645111,$1750,Bedrooms: 2 *** Bathrooms: 1 *** Size (sq ft): 0 *** Pets Allowed: No *** Lease Length: Not Available,"Beautiful two storey home with fantastic view of St. John&apos;s Harbour from the 6&apos; x 13&apos; deck. Located in the Historic Battery near walking trails, and all amenities. Renovated home with maple hardwood ..."
"Oceanfront Cottage  Random Island, NL",https://www.kijiji.ca/v-apartments-condos/st-johns/oceanfront-cottage-random-island-nl/1737930938,"1512 Random Island Rd, Hickman&apos;s Harbour, NL A0C 1P0",48.147743878955,-54.028866008869,$900,Bedrooms: 2 *** Bathrooms: 1 *** Size (sq ft): 800 *** Pets Allowed: Yes *** Lease Length: month-to-month,"This is a cozy oceanfront 2 bedroom cottage/home located on scenic Random Island. Enjoy direct access to the water, beautiful ocean views, and a peaceful private setting surrounded by nature. ..."
"305 Petty Harbour Road St. John&apos;s, Newfoundland &amp; Labrador",https://www.kijiji.ca/v-apartments-condos/st-johns/305-petty-harbour-road-st-johns-newfoundland-labrador/1734833323,"Petty Harbour Road, St. John&apos;s, NL, A1S1N9",47.458457596807,-52.736575092943,$2250,Bedrooms: 2 *** Bathrooms: 2 *** Size (sq ft): 0 *** Pets Allowed: No *** Lease Length: Not Available,"FOR LEASE! Unique opportunity to live in this single-level, new home ready for occupancy June 1 2026. Located along scenic Petty Harbour Road, just a three minute drive to shopping, restaurants &amp; ..."
694 Torbay rd - Spacious 4+1 Bedroom Single Family Home for Rent,https://www.kijiji.ca/v-apartments-condos/st-johns/694-torbay-rd-spacious-4-1-bedroom-single-family-home-for-rent/1737893297,"694 Torbay Road, St. John’s, NL, A1A 5G9",47.618799981484,-52.722685035655,$2200,Bedrooms: 5 *** Bathrooms: 1 *** Size (sq ft): 0 *** Pets Allowed: No *** Lease Length: one-year,"Spacious 4+1 Bedroom Single Family Home for Rent 694 Torbay Road, St. John&apos;s This beautifully renovated single-family home offers plenty of space in a fantastic east-end location close to Stavanger ..."
Condo for Lease,https://www.kijiji.ca/v-apartments-condos/st-johns/condo-for-lease/1737853206,"St. John&apos;s, NL A1A 2N2",47.605206336642,-52.708862187671,$2400,Bedrooms: 2 *** Bathrooms: 1.5 *** Size (sq ft): 1000 *** Pets Allowed: No *** Lease Length: one-year,"2-Bedroom Condo for Rent Bright and well-maintained East End Condo with 2 bedrooms with large closets, 1.5 bathroom. Offering 1,000 sq. ft. of comfortable living space. Ideal for professionals and ..."
rooms for rent,https://www.kijiji.ca/v-apartments-condos/st-johns/rooms-for-rent/1737836191,"Lady Anderson Street, St. John&apos;s, NL A1B 0G8",47.553096903746,-52.796441047823,$700,Bedrooms: 3 *** Bathrooms: 2 *** Size (sq ft): 2400 *** Pets Allowed: No *** Lease Length: one-year,"Rooms for Rent – Clean &amp; Spacious Home in Great Location on kenmount terace! We have 2 rooms available in a clean, quiet, and well-maintained home: $700 + POU The house is located in a very ..."
"10 Lambes Lane Unit#A503 St. John&apos;s, Newfoundland &amp; Labrador",https://www.kijiji.ca/v-apartments-condos/st-johns/10-lambes-lane-unit-a503-st-johns-newfoundland-labrador/1737718833,"Lambes Lane Unit#A503, St. John&apos;s, NL, A1B4E9",47.568639026754,-52.736324403778,$2708,Bedrooms: 5 *** Bathrooms: 2 *** Size (sq ft): 0 *** Pets Allowed: No *** Lease Length: Not Available,"Welcome home to Wester-Land, St. John&apos;s newest &amp; most exciting student accommodations. Enjoy the convenience of living across the street from the MUN campus and the independence that comes with ..."
"10 Lambes Lane Unit#A104 St. John&apos;s, Newfoundland &amp; Labrador",https://www.kijiji.ca/v-apartments-condos/st-johns/10-lambes-lane-unit-a104-st-johns-newfoundland-labrador/1737718832,"Lambes Lane Unit#A104, St. John&apos;s, NL, A1B4E9",47.568639026754,-52.736324403778,$2675,Bedrooms: 5 *** Bathrooms: 2 *** Size (sq ft): 0 *** Pets Allowed: No *** Lease Length: Not Available,"Welcome home to Wester-Land, St. John&apos;s newest &amp; most exciting student accommodations. Enjoy the convenience of living across the street from the MUN campus and the independence that comes with ..."
"10 Lambes Lane Unit#A410 St. John&apos;s, Newfoundland &amp; Labrador",https://www.kijiji.ca/v-apartments-condos/st-johns/10-lambes-lane-unit-a410-st-johns-newfoundland-labrador/1737718836,"Lambes Lane Unit#A410, St. John&apos;s, NL, A1B4E9",47.568639026754,-52.736324403778,$2690,Bedrooms: 5 *** Bathrooms: 2 *** Size (sq ft): 0 *** Pets Allowed: No *** Lease Length: Not Available,"Welcome home to Wester-Land, St. John&apos;s newest &amp; most exciting student accommodations. Enjoy the convenience of living across the street from the MUN campus and the independence that comes with ..."
"10 Lambes Lane Unit#A609 St. John&apos;s, Newfoundland &amp; Labrador",https://www.kijiji.ca/v-apartments-condos/st-johns/10-lambes-lane-unit-a609-st-johns-newfoundland-labrador/1737718835,"Lambes Lane Unit#A609, St. John&apos;s, NL, A1B4E9",47.568639026754,-52.736324403778,$2726,Bedrooms: 5 *** Bathrooms: 2 *** Size (sq ft): 0 *** Pets Allowed: No *** Lease Length: Not Available,"Welcome home to Wester-Land, St. John&apos;s newest &amp; most exciting student accommodations. Enjoy the convenience of living across the street from the MUN campus and the independence that comes with ..."
"10 Lambes Lane Unit#A108 St. John&apos;s, Newfoundland &amp; Labrador",https://www.kijiji.ca/v-apartments-condos/st-johns/10-lambes-lane-unit-a108-st-johns-newfoundland-labrador/1737718837,"Lambes Lane Unit#A108, St. John&apos;s, NL, A1B4E9",47.568639026754,-52.736324403778,$2675,Bedrooms: 5 *** Bathrooms: 2 *** Size (sq ft): 0 *** Pets Allowed: No *** Lease Length: Not Available,"Welcome home to Wester-Land, St. John&apos;s newest &amp; most exciting student accommodations. Enjoy the convenience of living across the street from the MUN campus and the independence that comes with ..."
"90 Allandale Place Unit#4 St. John&apos;s, Newfoundland &amp; Labrador",https://www.kijiji.ca/v-apartments-condos/st-johns/90-allandale-place-unit-4-st-johns-newfoundland-labrador/1737715913,"Allandale Place Unit#4, St. John&apos;s, NL, A1B2W7",47.575036179076,-52.725545024837,$1800,Bedrooms: 3 *** Bathrooms: 1 *** Size (sq ft): 0 *** Pets Allowed: No *** Lease Length: Not Available,"FOR LEASE! Amazing opportunity to lease this cozy, well-maintained condo, situated in a highly desirable and convenient area in the east end of St. John&apos;s, close to Churchill Square, Memorial ..."
Bright &amp; Spacious 2 Bedroom + Den For Rent  On The Boulevard,https://www.kijiji.ca/v-apartments-condos/st-johns/bright-spacious-2-bedroom-den-for-rent-on-the-boulevard/1737711473,"St. John&apos;s, NL A1C 4J2",47.564787667973,-52.71674863655,$2300,Bedrooms: 2.5 *** Bathrooms: 1 *** Size (sq ft): 1100 *** Pets Allowed: No *** Lease Length: one-year,"Apartment is currently rented short term until September 1 Insurance stays welcome. Can be Ideal for families temporarily displaced due to home repairs, water damage, or insurance claims. 2 Bedroom + ..."
Park Ave 3 Bdrm main floor,https://www.kijiji.ca/v-apartments-condos/st-johns/park-ave-3-bdrm-main-floor/1737697531,"Park Ave, Mount Pearl, NL A1N 1K2",47.519314020183,-52.793225456399,$2200,Bedrooms: 3 *** Bathrooms: 1.5 *** Size (sq ft): 1200 *** Pets Allowed: No *** Lease Length: one-year,"Mount Pearl – Park Ave – Ideal senior living – 3 bedroom If your reading this ad its still available! ( will not respond to &apos;Is it still available&apos;) Available June 1,2026 Walk through video link ..."
"305 Petty Harbour Road St. John&apos;s, Newfoundland &amp; Labrador",https://www.kijiji.ca/v-apartments-condos/st-johns/305-petty-harbour-road-st-johns-newfoundland-labrador/1736010484,"Petty Harbour Road, St. John&apos;s, NL, A1S1N9",47.458457596807,-52.736575092943,$2250,Bedrooms: 2 *** Bathrooms: 2 *** Size (sq ft): 0 *** Pets Allowed: No *** Lease Length: Not Available,"FOR LEASE! Unique opportunity to live in this single-level, new home ready for occupancy June 1 2026. Located along scenic Petty Harbour Road, just a three minute drive to shopping, restaurants &amp; ..."
50 Livingstone Street - Furnished Downtown Home,https://www.kijiji.ca/v-apartments-condos/st-johns/50-livingstone-street-furnished-downtown-home/1737523958,"50 Livingstone Street, St. John&apos;s, NL, A1C 1V6",47.5638659939,-52.711682027537,$1700,Bedrooms: 2 *** Bathrooms: 1 *** Size (sq ft): 0 *** Pets Allowed: No *** Lease Length: one-year,"50 Livingstone Street is a two bedroom, two story home located in a the heart of Downtown, St John&apos;s and within walking distance to The Mary Browns Centre, St John&apos;s Convention Centre, The Ever ..."
*PENDING*  2 Bedroom Upper-Level Apartment – Fully Renovated,https://www.kijiji.ca/v-apartments-condos/st-johns/pending-2-bedroom-upper-level-apartment-fully-renovated/1737507619,"St. John&apos;s, NL A1C 2T9, Canada",47.565060247465,-52.723725648934,$1750,Bedrooms: 2 *** Bathrooms: 1 *** Size (sq ft): 900 *** Pets Allowed: No *** Lease Length: one-year,"2 Bedroom Upper-Level Apartment – Fully Renovated 12 McNeill Street, St. John’s $1,750/month POU Available June 15 Bright, fully renovated upper-level apartment in a quiet part of Centre City (Rabbit ..."
"Fully furnished 2 bedroom.  Heat, light, and internet included",https://www.kijiji.ca/v-apartments-condos/st-johns/fully-furnished-2-bedroom-heat-light-and-internet-included/1737314152,"St. John&apos;s, NL A1C 3X1",47.568451942675,-52.71007504906,$2600,Bedrooms: 2 *** Bathrooms: 2.5 *** Size (sq ft): 1356 *** Pets Allowed: No *** Lease Length: one-year,"2 bedroom, 3 Bathroom, Fully Furnished Heat, light, and internet included. Renovated heritage home located in sought-after Georgetown area. Fully furnished Two LARGE bright bedrooms, each with a ..."
1 Bedroom Basement Apartment in Bristol&apos;s Hope,https://www.kijiji.ca/v-apartments-condos/st-johns/1-bedroom-basement-apartment-in-bristols-hope/1737260568,"Bristol&apos;s Hope, NL A1Y 0A7",47.72044,-53.19696,$1000,Bedrooms: 1 *** Bathrooms: 1 *** Size (sq ft): 1000 *** Pets Allowed: No *** Lease Length: month-to-month,1 bedroom basement apartment. Suited for mature single individual. No pets.
Great 3 bedroom apt city center !,https://www.kijiji.ca/v-apartments-condos/st-johns/great-3-bedroom-apt-city-center/1737258836,"313 Empire Ave, St. John&apos;s, NL",47.55953498071,-52.73415399377,$1900,Bedrooms: 3 *** Bathrooms: 1 *** Size (sq ft): 1000 *** Pets Allowed: No *** Lease Length: month-to-month,"Three bedroom semi furnished ground floor apartment. Located at 313 Empire Ave. close to the taxation centre and easy walking distance to Mun and supermarkets. Bus stop close by.. If interested, ..."
New 3-Bedroom Apartment in a Nice Environment,https://www.kijiji.ca/v-apartments-condos/st-johns/new-3-bedroom-apartment-in-a-nice-environment/1737255818,"Jensen Camp Rd, St. John&apos;s, NL",47.545957820527,-52.755976181078,$2500,Bedrooms: 3.5 *** Bathrooms: 2.5 *** Size (sq ft): 2152 *** Pets Allowed: No *** Lease Length: one-year,"Looking for a spacious and modern place to call home? This bright, unfurnished 3-bedroom apartment, located in a quiet, family-friendly neighbourhood, is available for rent starting August 31st, ..."
3 bed 1 bath + den apartment in east end,https://www.kijiji.ca/v-apartments-condos/st-johns/3-bed-1-bath-den-apartment-in-east-end/1737062913,"Doheney Pl, St. John&apos;s, NL A1B 4R3",47.593613069334,-52.735071443236,$2200,Bedrooms: 3.5 *** Bathrooms: 1 *** Size (sq ft): 1200 *** Pets Allowed: No *** Lease Length: one-year,"$2,200/month + POU Available July 1, 2026 This spacious top-floor unit in a 2-unit home is located on a safe, quiet cul-de-sac in the East End, backing onto a beautiful green belt and right next to a ..."
5 Room and 2 Bath Downtown Home with UTILITIES INCLUDED!,https://www.kijiji.ca/v-apartments-condos/st-johns/5-room-and-2-bath-downtown-home-with-utilities-included/1734041481,"St. John&apos;s, NL A1C 4N1",47.560974069667,-52.721134383567,$2750,Bedrooms: 5 *** Bathrooms: 2 *** Size (sq ft): 1500 *** Pets Allowed: No *** Lease Length: one-year,"Newly Renovated Downtown Home Available for Lease! Key Features: - Utilities + Internet INCLUDED - Off-street parking - Private, Fully Fenced Backyard - Central location with walking distance to MUN, ..."
"House for Sublet now to Sep1st, -landlord approved, 4beds",https://www.kijiji.ca/v-apartments-condos/st-johns/house-for-sublet-now-to-sep1st-landlord-approved-4beds/1736947433,"St. John&apos;s, NL A1A 2M3",47.597074298,-52.706475859837,$2000,Bedrooms: 3.5 *** Bathrooms: 1 *** Size (sq ft): 2150 *** Pets Allowed: No *** Lease Length: month-to-month,"Nice home in nice neighborhood, with 3 formal bedrooms plus one bedroom derived from living room. Decent 4 piece bathroom, closets, kitchen and dining area, plus beautiful deck, green yard and ..."
All Inclusive One Bedroom Apartment/ Marystown,https://www.kijiji.ca/v-apartments-condos/st-johns/all-inclusive-one-bedroom-apartment-marystown/1733427783,"Marystown, NL, A0E2M0",47.186928874434,-55.141100722896,$1150,Bedrooms: 1 *** Bathrooms: 1 *** Size (sq ft): 600 *** Pets Allowed: No *** Lease Length: month-to-month,"For Rent in Marystown ....... Prefer a single working adult. Available May 1,2026 . An all inclusive ,one bedroom fully furnished , ground level brightly lit apartment with lots of windows and has ..."
Furnished three bedroom apartment,https://www.kijiji.ca/v-apartments-condos/st-johns/furnished-three-bedroom-apartment/1735875469,"3 Baltimore St, St. John&apos;s, NL A1B 3B8",47.568160000987,-52.731572032315,$2400,Bedrooms: 3 *** Bathrooms: 1 *** Size (sq ft): 1200 *** Pets Allowed: No *** Lease Length: one-year,3 Baltimore Street. Furnished three-bedroom apartment available May 1st and located just 3 minutes away from Memorial University. Parking spaces available for 2-3 cars. No smoking; no pets; heat and ...
apartment for rent - August 1,https://www.kijiji.ca/v-apartments-condos/st-johns/apartment-for-rent-august-1/1736458218,"St. John&apos;s, NL, A1b0l3",47.568555414,-52.776419262,$1900,Bedrooms: 3 *** Bathrooms: 1 *** Size (sq ft): 1 *** Pets Allowed: No *** Lease Length: one-year,"Looking to rent a 3 bedroom apartment/house August 1. 3 working professionals, 3 car parking. Thank you"
Partially Furnished 2 Bedroom,https://www.kijiji.ca/v-apartments-condos/st-johns/partially-furnished-2-bedroom/1736426668,"St. John&apos;s, NL A1C 4J1",47.563135050034,-52.716690801418,$2200,Bedrooms: 2.5 *** Bathrooms: 1 *** Size (sq ft): 1500 *** Pets Allowed: Yes *** Lease Length: one-year,"20 Boncloddy Street, St. John’s NL Charming 2-Bedroom Home with Office &amp; Fenced Yard $2200 POU (Pay Own Utilities) Available August 1 | 12-Month Lease Welcome to 20 Boncloddy Street — a warm and ..."
2 bed 1 bath,https://www.kijiji.ca/v-apartments-condos/st-johns/2-bed-1-bath/1736417444,A1B 3G5,47.566016664526,-52.740695566284,$550,Bedrooms: 2 *** Bathrooms: 1 *** Size (sq ft): 1 *** Pets Allowed: Yes *** Lease Length: one-year,"I am looking for a clean, responsible tenant to rent a private room in my 2-bedroom apartment. The space is cozy, quiet, and perfect for someone who values a peaceful home environment. 10 min walking ..."
3 Bedroom House,https://www.kijiji.ca/v-apartments-condos/st-johns/3-bedroom-house/1732743969,"83 Ashlen Crescent, Paradise, NL A1L",47.547343083447,-52.900051135989,$2000,Bedrooms: 3.5 *** Bathrooms: 1 *** Size (sq ft): 1500 *** Pets Allowed: No *** Lease Length: month-to-month,"3 bedroom with a small rec room, fridge, stove, dishwasher included, washer/dryer hookup, 2 car driveway and close to Holy Family School, 709-727-1499"
3 Bedroom Apartment for Rent in St. John&apos;s,https://www.kijiji.ca/v-apartments-condos/st-johns/3-bedroom-apartment-for-rent-in-st-johns/1736285900,"St. John&apos;s, NL A1C 2L1",47.562826721725,-52.718484863973,$2200,Bedrooms: 3.5 *** Bathrooms: 1 *** Size (sq ft): 1200 *** Pets Allowed: No *** Lease Length: one-year,"Welcome to this clean, well-maintained 3-bedroom, 1-bath home in Airport Heights St. John&apos;s NL that offers comfort, natural light, and practical living space in a quiet setting. 3 bedrooms 1 full ..."
Bright 3 Bedroom Apartment - $2100 POU - Quiet Cul-de-sac,https://www.kijiji.ca/v-apartments-condos/st-johns/bright-3-bedroom-apartment-2100-pou-quiet-cul-de-sac/1736284613,"St. John&apos;s, NL A1E 3M7",47.53778742046,-52.749447530485,$2100,Bedrooms: 3 *** Bathrooms: 1 *** Size (sq ft): 1200 *** Pets Allowed: No *** Lease Length: one-year,"Bright 3 Bedroom Apartment - $2,100 POU - Quiet Cul-de-Sac We’re offering a bright, well-kept 3-bedroom apartment in a quiet cul-de-sac - ideal for professionals, couples, or a small household ..."
Apartment for rent,https://www.kijiji.ca/v-apartments-condos/st-johns/apartment-for-rent/1735999601,"Viking Dr, Pouch Cove, A1K 1C8",47.720035811756,-52.7209843475,$1500,Bedrooms: 1 *** Bathrooms: 1 *** Size (sq ft): 760 *** Pets Allowed: No *** Lease Length: one-year,"For rent: Brand new, never lived in, beautiful open concept 1 bedroom basement apartment in a quiet cul de sac $1500 POU Unit will be available June 1st. House is located on a quiet cul-de-sac in the ..."
3 Bedroom Legal Basement Apartment for Rent Near MUN/HSC,https://www.kijiji.ca/v-apartments-condos/st-johns/3-bedroom-legal-basement-apartment-for-rent-near-mun-hsc/1735948639,"St. John&apos;s, NL A1B 3H4",47.568642505244,-52.748503560549,$1700,Bedrooms: 3 *** Bathrooms: 1 *** Size (sq ft): 1000 *** Pets Allowed: No *** Lease Length: one-year,"Hello, Renting 3 Bedroom Legal Basement Apartment Near HSC/MUN. The house is near Bus Routes, Avalon Mall and other amenities. Large Windows with plenty of natural sunlight. Rent is 1700 + POU. ..."
"185 Commonwealth Avenue Mount Pearl, Newfoundland &amp; Labrador",https://www.kijiji.ca/v-commercial-office-space/st-johns/185-commonwealth-avenue-mount-pearl-newfoundland-labrador/1719007278,"Commonwealth Avenue, Mount Pearl, NL, A1N4L3",47.507075424119,-52.793976156207,$4500,,"Located in the Heart of Mount Pearl, 1 Acres of fully fenced yard space for lease for $4500/month. There are options here for you to use as little or as much space as you need with the price being ..."
"40 Airport Heights Drive St. John&apos;s, Newfoundland &amp; Labrador",https://www.kijiji.ca/v-commercial-office-space/st-johns/40-airport-heights-drive-st-johns-newfoundland-labrador/1731520593,"Airport Heights Drive, St. John&apos;s, NL, A1A4Z7",47.602706313899,-52.744104318398,$20,,"Prime main-floor commercial space in a sought-after area. Turnkey, fully updated medical/office suite (approx. 2,180 sq ft) featuring multiple exam/treatment rooms, private offices, spacious ..."
"95 Lemarchant Road Unit#101 St. John&apos;s, Newfoundland &amp; Labrador",https://www.kijiji.ca/v-commercial-office-space/st-johns/95-lemarchant-road-unit-101-st-johns-newfoundland-labrador/1737347779,"Lemarchant Road Unit#101, St. John&apos;s, NL, A1B2B7",47.566899446569,-52.750099139637,$5000,,"For lease! Approximately 3500 square feet of bright, spacious office space, conveniently located on Lemarchant Road in a secured building with off street parking and only minutes from downtown! ..."
"22 Vardy&apos;s Avenue Clarenville, Newfoundland &amp; Labrador",https://www.kijiji.ca/v-commercial-office-space/st-johns/22-vardys-avenue-clarenville-newfoundland-labrador/1731471463,"Vardy&apos;s Avenue, Clarenville, NL, A5A1Z9",48.158212572291,-53.966181186839,$1100,,"Prime office/retail space available in high traffic location. The current configuration of the 800 sq/ft space includes a boardroom, 2 offices and a bathroom. This would make an ideal location for ..."
Room for Rent,https://www.kijiji.ca/v-room-rental-roommate/st-johns/room-for-rent/1738850003,"Whiteway St, St. John&apos;s, NL A1B",47.569004984536,-52.73043187305,$750,Pets Allowed: No,Available- July 10 or 15th. Private room in a 5 bed 2 bath house. Ideal for a male student or young professional as other tenants are also students. Walking distance to MUN and bus stop. Spacious ...
"64 Airport Road St.John&apos;s, Newfoundland &amp; Labrador",https://www.kijiji.ca/v-commercial-office-space/st-johns/64-airport-road-st-johns-newfoundland-labrador/1738813633,"Airport Road, St.John&apos;s, NL, A1A4Y3",47.606259889418,-52.741805929905,$12,,"1740 sqft of commercial warehouse space available in the east end with a ground-level garage door for easy loading and access. Heated space suitable for storage, trades, or service-based businesses. ..."
"146 Glencoe Drive Mount Pearl, Newfoundland &amp; Labrador",https://www.kijiji.ca/v-commercial-office-space/st-johns/146-glencoe-drive-mount-pearl-newfoundland-labrador/1732827112,"Glencoe Drive, Mount Pearl, NL, A1N4S7",47.514064778042,-52.849344449379,$15,,"Immediate possession! Located in popular Donovan&apos;s Industrial Park, this spacious building offers a main floor footprint of 5,000 square feet ($15 triple net), complemented by an additional 4,650 ..."
"320 Torbay Road Unit#202 St. John&apos;s, Newfoundland &amp; Labrador",https://www.kijiji.ca/v-commercial-office-space/st-johns/320-torbay-road-unit-202-st-johns-newfoundland-labrador/1714915881,"Torbay Road Unit#202, St. John&apos;s, NL, A1A4E1",47.603361605482,-52.714929595923,$19,,"Don’t miss your chance to secure this exceptional 1,380 sq ft retail space with prime store frontage in the bustling Fall River Plaza, located in the highly desirable East End of St. John’s. Situated ..."
"320 Torbay Road Unit#200 St. John&apos;s, Newfoundland &amp; Labrador",https://www.kijiji.ca/v-commercial-office-space/st-johns/320-torbay-road-unit-200-st-johns-newfoundland-labrador/1714915882,"Torbay Road Unit#200, St. John&apos;s, NL, A1A4E1",47.603361605482,-52.714929595923,$800,,"Don’t miss out on this opportunity of 265 Square foot of office space located in the Fall River Plaza, East End of St. John’s! This location is in the heart of the busy, sought-after Torbay Road ..."
"75 Tiffany Court Unit#1 St. John&apos;s, Newfoundland &amp; Labrador",https://www.kijiji.ca/v-commercial-office-space/st-johns/75-tiffany-court-unit-1-st-johns-newfoundland-labrador/1735599408,"Tiffany Court Unit#1, St. John&apos;s, NL, A1A0L1",47.588952317642,-52.712981976901,$25,,"Now available in the highly sought-after East End, this professional space offers approximately 4,390 sq. ft. of well-laid-out floor area, ideal for a wide range of business uses. Situated in a prime ..."
"75 Tiffany Court Unit#2 St. John&apos;s, Newfoundland &amp; Labrador",https://www.kijiji.ca/v-commercial-office-space/st-johns/75-tiffany-court-unit-2-st-johns-newfoundland-labrador/1735599407,"Tiffany Court Unit#2, St. John&apos;s, NL, A1A0L1",47.588952317642,-52.712981976901,$25,,"Now available in the highly sought-after East End, this professional space offers approximately 968 sq. ft. of well-laid-out floor area, ideal for a wide range of business uses. Situated in a prime ..."
"283 Memorial Drive Clarenville, Newfoundland &amp; Labrador",https://www.kijiji.ca/v-commercial-office-space/st-johns/283-memorial-drive-clarenville-newfoundland-labrador/1718817451,"Memorial Drive, Clarenville, NL, A5A0E4",48.16372027981,-53.968388707765,$10,,Great location for your business. There is 2000 square feet remaining for rent on right side of building facing Memorial Drive. 200amp Electrical on breakers. Great for any type of business. Renos ...
"370 Torbay Road St. John&apos;s, Newfoundland &amp; Labrador",https://www.kijiji.ca/v-commercial-office-space/st-johns/370-torbay-road-st-johns-newfoundland-labrador/1731379180,"Torbay Road, St. John&apos;s, NL, A1A3W8",47.600469767688,-52.712612291391,$17,,Discover an exceptional opportunity to lease office space in Bally Rou Place - located at 370 Torbay Rd in the thriving East End! This building has excellent visibility and easy access to both uptown ...
"151 Crosbie Road Unit#101 St. John&apos;s, Newfoundland &amp; Labrador",https://www.kijiji.ca/v-commercial-office-space/st-johns/151-crosbie-road-unit-101-st-johns-newfoundland-labrador/1731379182,"Crosbie Road Unit#101, St. John&apos;s, NL, A1B4B4",47.561067066882,-52.745155074049,$18,,"151 Crosbie Rd is a centrally located, high exposure building with tons of recent upgrades (all new HVAC units, all new windows and doors, new exterior facade, and new roof)! On the corner of ..."
"120 Torbay Road St. John&apos;s, Newfoundland &amp; Labrador",https://www.kijiji.ca/v-commercial-office-space/st-johns/120-torbay-road-st-johns-newfoundland-labrador/1731379181,"Torbay Road, St. John&apos;s, NL, A1B2G8",47.591702336255,-52.725511497224,$18,,"Discover an exceptional opportunity to lease office space in the Prince Charles Building - located at 120 Torbay Rd in the thriving East End! Only one office suite remaining at 2,908sqft! This ..."
"90 O&apos;Leary Avenue Unit#207 St. John&apos;s, Newfoundland &amp; Labrador",https://www.kijiji.ca/v-commercial-office-space/st-johns/90-oleary-avenue-unit-207-st-johns-newfoundland-labrador/1722540010,"O&apos;Leary Avenue Unit#207, St. John&apos;s, NL, A1B2C7",47.560210436378,-52.763309689594,$13,,"Centrally and conveniently located at 90 O&apos;Leary Avenue on the corner of Pippy Place, this 975 square foot office space is located in a high-profile area of O&apos;Leary industrial park that provides ..."
Apartment for rent short-term,https://www.kijiji.ca/v-short-term-rental/st-johns/apartment-for-rent-short-term/1738714000,"St. John&apos;s, NL, A1C",47.511244685,-52.662499849,$200,Bedrooms: 2 *** Bathrooms: 1,"Beautiful Apartment for Short-Term Rent – Airport Heights, St. John’s ✈️ Enjoy a comfortable and fully furnished apartment in the desirable Airport Heights area. Perfect for visitors, business ..."
"124 Glencoe Drive Mount Pearl, Newfoundland &amp; Labrador",https://www.kijiji.ca/v-commercial-office-space/st-johns/124-glencoe-drive-mount-pearl-newfoundland-labrador/1738709713,"Glencoe Drive, Mount Pearl, NL, A1N4S9",47.512806375629,-52.84891662081,$17,,"Modern Warehouse for Lease – Donovans Industrial Park This modern industrial warehouse offers 32-foot ceilings, making it ideal for businesses requiring high-volume storage. Located in Donovans ..."
"1-23 Church Road Long Harbour, Newfoundland &amp; Labrador",https://www.kijiji.ca/v-commercial-office-space/st-johns/1-23-church-road-long-harbour-newfoundland-labrador/1738704429,"Church Road, Long Harbour, NL, A0B2J0",47.415944471683,-53.729517317251,$12,,"16,400 Square Foot building currently being used for dry warehouse storage. The building consists of several different sections but could easily be sub divided to accommodate smaller or larger spaces ..."
private room for rent ,https://www.kijiji.ca/v-short-term-rental/st-johns/private-room-for-rent/1738661108,"Crosbie Rd, St. John&apos;s, NL A1B 3V9",47.558633185822,-52.742457152128,$500,Bedrooms: 3 *** Bathrooms: 1,3 Bedroom 1 Bathroom Furnished Apartment. Single bed room available for month to month rent. Available from 10th June to September 30th ✨ furnished room Key Features and Amenities: 1. Bus Stop just ...
"14 International Place Unit#203 St. John&apos;s, Newfoundland &amp; Labra",https://www.kijiji.ca/v-commercial-office-space/st-johns/14-international-place-unit-203-st-johns-newfoundland-labra/1738655985,"International Place Unit#203, St. John&apos;s, NL, A1A0L4",47.603646674009,-52.732547099112,$18,,"Individual offices and cubicle workstations are available at 14 International Place, St. John&apos;s, NL, starting at $500 per month for cubicles and $600-1000 for offices, depending on size, plus ..."
"1328 Topsail Road Paradise, Newfoundland &amp; Labrador",https://www.kijiji.ca/v-commercial-office-space/st-johns/1328-topsail-road-paradise-newfoundland-labrador/1732686370,"Topsail Road, Paradise, NL, A1L1P2",47.528070481031,-52.872030770283,$15,,"Commercial Space for Lease – 1328 Topsail Road Prime opportunity to lease versatile commercial space in a high-traffic, well established commercial area of Topsail Road. This second-floor property ..."
Room for Rent,https://www.kijiji.ca/v-room-rental-roommate/st-johns/room-for-rent/1738636739,"130 New Gower St, St. John&apos;s, A1C 6K4",47.557997488211,-52.714828426351,$750,Pets Allowed: No,1 Bedroom for rent. Downtown. Close to bus routes and grocery stores. Everything you need withing a 10-15 walk. Fully furnished. Bed lines. Towels. Tv in room with streaming stick. Heat light and ...
"136 Crosbie Road Unit#204A St John&apos;s, Newfoundland &amp; Labrador",https://www.kijiji.ca/v-commercial-office-space/st-johns/136-crosbie-road-unit-204a-st-johns-newfoundland-labrador/1714724152,"Crosbie Road Unit#204A, St John&apos;s, NL, A1B3K3",47.560721061919,-52.743673991758,$14,,"On the second floor of this commercial area, you&apos;ll find a versatile space with multiple rooms. Each room is thoughtfully designed to cater to different needs and businesses. One room could be a ..."
"140 Kelsey Drive St. John&apos;s, Newfoundland &amp; Labrador",https://www.kijiji.ca/v-commercial-office-space/st-johns/140-kelsey-drive-st-johns-newfoundland-labrador/1731239186,"Kelsey Drive, St. John&apos;s, NL, A1B0T2",47.561348641443,-52.78137755562,$24,,"Available now, 140 Kelsey Drive has 7,500 sq. ft. of turn-key office space available for lease on the 3rd floor at an annual rate of $24 per sq ft net. This space is near move-in ready including ..."
Short term rental-monthly. Great location.,https://www.kijiji.ca/v-short-term-rental/st-johns/short-term-rental-monthly-great-location/1738572470,"St. John&apos;s, NL A1B 1R9",47.581230992256,-52.715712298041,$2300,Bedrooms: 2 *** Bathrooms: 1 *** Pets Allowed: No,"Short term rental. Beautiful fully furnished two bedroom, one bath condo in ideally located Elizabeth Towers on Elizabeth Avenue in St. John&apos;s, NL. Heat and light included in rent of $2300 a month. ..."
Second floor East End prime location office / retail space,https://www.kijiji.ca/v-commercial-office-space/st-johns/second-floor-east-end-prime-location-office-retail-space/1738566396,"St. John&apos;s, NL A1A 5B2",47.610621483,-52.725586414,$1100,Size (sq ft): 500,"Prime East End high-visibility space, located on second floor. Most recently a tattoo studio, this approx. 500 sq. ft. has new flooring and has been recently painted throughout. Suitable for some ..."
"295-303 Water Street Harbour Grace, Newfoundland &amp; Labrador",https://www.kijiji.ca/v-commercial-office-space/st-johns/295-303-water-street-harbour-grace-newfoundland-labrador/1733968606,"Water Street, Harbour Grace, NL, A0A2M0",47.704562776584,-53.22956411784,$9,,"Located at 295–303 Water Street in Harbour Grace, this warehouse space offers up to 98,000 sq. ft. available for lease and is well suited for storage, logistics, or light industrial use. Portions of ..."
"685-687 WATER Street ST JOHNS, Newfoundland &amp; Labrador",https://www.kijiji.ca/v-commercial-office-space/st-johns/685-687-water-street-st-johns-newfoundland-labrador/1735399007,"WATER Street, ST JOHNS, NL, A1B1C4",47.560685145464,-52.746109102269,$1250,,"FOR LEASE! LOCATED IN THE MARSHALL BUILDING ON WATER STREET IN THE WEST END OF THE CITY ! FIRST FLOOR unit approximate 1000 sq feet consisting of a reception area , 5 offices and an exclusive ..."
"685-687 WATER Street ST JOHNS, Newfoundland &amp; Labrador",https://www.kijiji.ca/v-commercial-office-space/st-johns/685-687-water-street-st-johns-newfoundland-labrador/1735399008,"WATER Street, ST JOHNS, NL, A1B1C4",47.560685145464,-52.746109102269,$1250,,"FOR LEASE IN THE MARSHALL BUILDING , THIS IS AN UPSTAIRS UNIT , approx 800 sq feet , consisting of a reception room , 3 offices , storage and working area . high exposure location on Water street . ..."
Condo for rent -short term (1 week to 2 months). Elizabeth ave.,https://www.kijiji.ca/v-short-term-rental/st-johns/condo-for-rent-short-term-1-week-to-2-months-elizabeth-ave/1738530571,"Elizabeth Avenue, St. John&apos;s, NL",47.584859111786,-52.709560930723,$3200,Bedrooms: 2 *** Bathrooms: 1 *** Pets Allowed: No,"Short term rental. 2 Bedroom Condo located in Elizabeth Towers on Elizabeth Avenue. Weekly - 2 month rental. Fully furnished and fully equipped kitchen. All utilities included. Available July 1, ..."
"320 Torbay Road Unit#200 St. John&apos;s, Newfoundland &amp; Labrador",https://www.kijiji.ca/v-commercial-office-space/st-johns/320-torbay-road-unit-200-st-johns-newfoundland-labrador/1736919312,"Torbay Road Unit#200, St. John&apos;s, NL, A1A4E1",47.603361605482,-52.714929595923,$800,,"Don’t miss out on this opportunity of 265 Square foot of office space located in the Fall River Plaza, East End of St. John’s! This location is in the heart of the busy, sought-after Torbay Road ..."
"12 Gleneyre Street Unit#306 St. John&apos;s, Newfoundland &amp; Labrador",https://www.kijiji.ca/v-commercial-office-space/st-johns/12-gleneyre-street-unit-306-st-johns-newfoundland-labrador/1736916628,"Gleneyre Street Unit#306, St. John&apos;s, NL, A1A2M7",47.601660791599,-52.713348433708,$18,,"1129 sqft of office space ready to go. Located on the corner of Torbay Rd and Gleneyre St,this office space is a great option for a professional or medical clinic. Building is well maintained, offers ..."
"One furnished bedroom available by June 1, 2026",https://www.kijiji.ca/v-room-rental-roommate/st-johns/one-furnished-bedroom-available-by-june-1-2026/1733925645,"St. John&apos;s, NL A1E 2B4",47.538672884711,-52.738267161296,$600,Pets Allowed: No,"Beautiful and quiet One fully furnished bedroom available to move in by June 1, 2026. $600/month included utilities and internet. Suitable for international full time student or full time working ..."
"23 Pollard Avenue Paradise, Newfoundland &amp; Labrador",https://www.kijiji.ca/v-commercial-office-space/st-johns/23-pollard-avenue-paradise-newfoundland-labrador/1735307848,"Pollard Avenue, Paradise, NL, A1L0X7",47.520869848095,-52.862515548646,$16,,"Prime 18,000 SF Commercial Warehouse with Office Space &amp; Yard – Ideal for Distribution or Manufacturing This exceptionally well-maintained 18,000 square foot clear-span warehouse offers the perfect ..."
"215 Water Street St. John&apos;s, Newfoundland &amp; Labrador",https://www.kijiji.ca/v-commercial-office-space/st-johns/215-water-street-st-johns-newfoundland-labrador/1735307855,"Water Street, St. John&apos;s, NL, A1C6C9",47.562747457178,-52.708482505339,$23,,"Executive Office Space with Harbour Views. An unparalleled opportunity awaits the new tenant of this magnificent 8,200 sqft executive office space, perfectly positioned to capture stunning harbour ..."
"136 Crosbie Road Unit#Suite 309 St. John&apos;s, Newfoundland &amp; Labra",https://www.kijiji.ca/v-commercial-office-space/st-johns/136-crosbie-road-unit-suite-309-st-johns-newfoundland-labra/1699763945,"Crosbie Road Unit#Suite 309, St. John&apos;s, NL, A1B3K3",47.560721061919,-52.743673991758,$14,,Welcome to the &quot;&quot;Viking Building&quot;&quot;. We have availability to suit almost any need. Centrally located this office is easily accessible from Columbus Drive allowing clients or employees to flow in from ...
"136 Crosbie Road Unit#Suite 304 St. John&apos;s, Newfoundland &amp; Labra",https://www.kijiji.ca/v-commercial-office-space/st-johns/136-crosbie-road-unit-suite-304-st-johns-newfoundland-labra/1699763741,"Crosbie Road Unit#Suite 304, St. John&apos;s, NL, A1B3K3",47.560721061919,-52.743673991758,$14,,Welcome to the &quot;&quot;Viking Building&quot;&quot;. We have availability to suit almost any need. Centrally located this office is easily accessible from Columbus Drive allowing clients or employees to flow in from ...
"136 Crosbie Road Unit#307 St. John&apos;s, Newfoundland &amp; Labrador",https://www.kijiji.ca/v-commercial-office-space/st-johns/136-crosbie-road-unit-307-st-johns-newfoundland-labrador/1699763777,"Crosbie Road Unit#307, St. John&apos;s, NL, A1B3K3",47.560721061919,-52.743673991758,$14,,Welcome to the &quot;&quot;Viking Building&quot;&quot;. We have availability to suit almost any need. Centrally located this office is easily accessible from Columbus Drive allowing clients or employees to flow in from ...
"136 Crosbie Road Unit#Suite 301 St. John&apos;s, Newfoundland &amp; Labra",https://www.kijiji.ca/v-commercial-office-space/st-johns/136-crosbie-road-unit-suite-301-st-johns-newfoundland-labra/1699763722,"Crosbie Road Unit#Suite 301, St. John&apos;s, NL, A1B3K3",47.560721061919,-52.743673991758,$14,,Welcome to the &quot;&quot;Viking Building&quot;&quot;. We have availability to suit almost any need. Centrally located this office is easily accessible from Columbus Drive allowing clients or employees to flow in from ...
"136 Crosbie Road Unit#Suite 400 St. John&apos;s, Newfoundland &amp; Labra",https://www.kijiji.ca/v-commercial-office-space/st-johns/136-crosbie-road-unit-suite-400-st-johns-newfoundland-labra/1699763735,"Crosbie Road Unit#Suite 400, St. John&apos;s, NL, A1B3K3",47.560721061919,-52.743673991758,$14,,Welcome to the &quot;&quot;Viking Building&quot;&quot;. We have availability to suit almost any need. Centrally located this office is easily accessible from Columbus Drive allowing clients or employees to flow in from ...
"136 Crosbie Road Unit#203 St John&apos;s, Newfoundland &amp; Labrador",https://www.kijiji.ca/v-commercial-office-space/st-johns/136-crosbie-road-unit-203-st-johns-newfoundland-labrador/1699763782,"Crosbie Road Unit#203, St John&apos;s, NL, A1B3K3",47.560721061919,-52.743673991758,$14,,"On the second floor of this commercial area, you&apos;ll find a versatile space with multiple rooms. Each room is thoughtfully designed to cater to different needs and businesses. One room could be a ..."
1 BR Available Sept 2026 in 2-BR Basement Apt,https://www.kijiji.ca/v-room-rental-roommate/st-johns/1-br-available-sept-2026-in-2-br-basement-apt/1735189921,"St. John&apos;s, NL A1B 2W4",47.576651749004,-52.724189922551,$880,Pets Allowed: No,"(Utilities + Internet included) A bright and comfortable 1 bedroom is available September 1st in a semi-furnished 2 bedroom basement apartment located on a quiet cul de sac next to Churchill Park, an ..."
Room for female at walking distance to MUN and the Avalon Mall,https://www.kijiji.ca/v-room-rental-roommate/st-johns/room-for-female-at-walking-distance-to-mun-and-the-avalon-mall/1738409298,"St. John&apos;s, NL A1B 2C5",47.569411670589,-52.750708503998,$700,Pets Allowed: No,"Unfirnished bedroom available immediately for a female tenant in a spacious 3-Bedroom apartment, walking distance to MUN and the Avalon Mall! ▪︎ Rent: $700 with utilities included + $30 for internet ..."
"1187 Kenmount Road Unit#B2 Paradise, Newfoundland &amp; Labrador",https://www.kijiji.ca/v-commercial-office-space/st-johns/1187-kenmount-road-unit-b2-paradise-newfoundland-labrador/1738400331,"Kenmount Road Unit#B2, Paradise, NL, A1L0V8",47.519946371913,-52.851818563813,$20,,"Located in a high-traffic commercial corridor, 1187 Kenmount Road offers approximately 1,500 sq. ft. of professional commercial space ideal for office, retail, or service-based businesses. This ..."
"263 Memorial Drive Unit#Suite 206 Clarenville, Newfoundland &amp; La",https://www.kijiji.ca/v-commercial-office-space/st-johns/263-memorial-drive-unit-suite-206-clarenville-newfoundland-la/1732457530,"Memorial Drive Unit#Suite 206, Clarenville, NL, A5A1R5",48.160572046489,-53.968451681532,$1200,,"FOR LEASE on the lower level of the Organ &amp; Drodge Building, 263 Memorial Drive approximately 1100 sq. feet of multi use space. This space, previously occupied by Eagle photo, is in a prime, central ..."
"136 Crosbie Road Unit#403 St John&apos;s, Newfoundland &amp; Labrador",https://www.kijiji.ca/v-commercial-office-space/st-johns/136-crosbie-road-unit-403-st-johns-newfoundland-labrador/1699682639,"Crosbie Road Unit#403, St John&apos;s, NL, A1B3K3",47.560721061919,-52.743673991758,$14,,"Location, Location, Location. Welcome to the &quot;&quot;Viking Building&quot;&quot;. Seize this rare opportunity to establish your business in one of the most sought-after commercial zones. This space has multiple ..."
"456 Logy Bay Road St. John&apos;s, Newfoundland &amp; Labrador",https://www.kijiji.ca/v-commercial-office-space/st-johns/456-logy-bay-road-st-johns-newfoundland-labrador/1736762149,"Logy Bay Road, St. John&apos;s, NL, A1A5C6",47.606568566188,-52.69021718305,$10,,"For Lease at $10 per sq ft &quot;&quot;triple net&quot;&quot; 50,760 sq ft (Main Bldg - Fabrication &amp; Office) with a gross rentable area of 67,160 (Megadome, Paint Hall &amp; Storage). The fabrication area measures 116 feet ..."
"57-59 THOMPSON Street CLARENVILLE, Newfoundland &amp; Labrador",https://www.kijiji.ca/v-commercial-office-space/st-johns/57-59-thompson-street-clarenville-newfoundland-labrador/1736760217,"THOMPSON Street, CLARENVILLE, NL, A5A1Y9",48.163729991374,-53.979023985555,$3150,,LOOK! Available _____ PRIME RENTAL SPACE located at &quot;&quot;The Boardwalk&quot;&quot; which is one of Clarenville&apos;s newest shopping plazas and situated in a high traffic area of Clarenville and almost next door to ...
Room for rent for female international student only,https://www.kijiji.ca/v-room-rental-roommate/st-johns/room-for-rent-for-female-international-student-only/1738290570,"St. John&apos;s, NL A1A 2N8",47.594046251659,-52.711044835258,$550,,"Move-in: immediately, any time. Room for female international student only. If you are new grad with work permit (or in-apply status), it is OK. To reduce spam, study permit or work permit or ..."
"1 Crosbie Place Unit#202 St. John&apos;s, Newfoundland &amp; Labrador",https://www.kijiji.ca/v-commercial-office-space/st-johns/1-crosbie-place-unit-202-st-johns-newfoundland-labrador/1735166339,"Crosbie Place Unit#202, St. John&apos;s, NL, A1B3Y8",47.559714688714,-52.745618090381,$26,,"Conveniently located on the top floor with parking right outside, this recently renovated 3,900 sq. ft. office space is ready to support your growing business. Thoughtfully designed, it features 11 ..."
"1328 Topsail Road Unit#D Paradise, Newfoundland &amp; Labrador",https://www.kijiji.ca/v-commercial-office-space/st-johns/1328-topsail-road-unit-d-paradise-newfoundland-labrador/1732364554,"Topsail Road Unit#D, Paradise, NL, A1L1P2",47.533432267389,-52.838624023292,$12,,"Warehouse FOR LEASE! 7500sqft of warehouse plus bonus mezzanine with 2 rooms that would be perfect for 2 offices, office + lunchroom/boardroom and or Shop office. There additional office space on the ..."
"277 Water Street Unit#2nd floor St. John&apos;s, Newfoundland &amp; Labra",https://www.kijiji.ca/v-commercial-office-space/st-johns/277-water-street-unit-2nd-floor-st-johns-newfoundland-labra/1732364555,"Water Street Unit#2nd floor, St. John&apos;s, NL, A1C6L3",47.562747457178,-52.708482505339,$22,,"Approximately 14000 contiguous square feet on 1 level of office or any other potential use within CCR zoning. Ample parking available on site. Current tenancy is a mix of high end retail, large tech ..."
"215 Water Street Unit#809 St. John&apos;s, Newfoundland &amp; Labrador",https://www.kijiji.ca/v-commercial-office-space/st-johns/215-water-street-unit-809-st-johns-newfoundland-labrador/1733732931,"Water Street Unit#809, St. John&apos;s, NL, A1C6C9",47.563100307045,-52.707358893336,$23,,"Elevate your business in the heart of downtown St. John’s. Situated on the 8th floor of Atlantic Place, 215 Water Street, this premium office space offers approximately 5,500 sq. ft. of bright, ..."
"215 Water Street Unit#813 St. John&apos;s, Newfoundland &amp; Labrador",https://www.kijiji.ca/v-commercial-office-space/st-johns/215-water-street-unit-813-st-johns-newfoundland-labrador/1733732932,"Water Street Unit#813, St. John&apos;s, NL, A1C6C9",47.563100307045,-52.707358893336,$23,,"Elevate your business in the heart of downtown St. John’s. Situated on the 8th floor of Atlantic Place, 215 Water Street, this premium office space offers approximately 5,500 sq. ft. of bright, ..."
"55 Duckworth Street St. John&apos;s, Newfoundland &amp; Labrador",https://www.kijiji.ca/v-commercial-office-space/st-johns/55-duckworth-street-st-johns-newfoundland-labrador/1738248343,"Duckworth Street, St. John&apos;s, NL, A1C1E6",47.57030631383,-52.700802307399,$1100,,HEAT AND LIGHT INCLUDED! Welcome to 55 Duckworth Street: a modern and sophisticated shared office space. This prime location is perfect for professionals seeking an inspiring work environment that ...
"1187 Kenmount Road Unit#B2 St John&apos;s, Newfoundland &amp; Labrador",https://www.kijiji.ca/v-commercial-office-space/st-johns/1187-kenmount-road-unit-b2-st-johns-newfoundland-labrador/1738248182,"Kenmount Road Unit#B2, St John&apos;s, NL, A1L0V8",47.519946371913,-52.851818563813,$20,,"Located in a high-traffic commercial corridor, 1187 Kenmount Road offers approximately 1,500 sq. ft. of professional commercial space ideal for office, retail, or service-based businesses. This ..."
"187 Gower Street St. John&apos;s, Newfoundland &amp; Labrador",https://www.kijiji.ca/v-commercial-office-space/st-johns/187-gower-street-st-johns-newfoundland-labrador/1738247464,"Gower Street, St. John&apos;s, NL, A1C1R2",47.565069027438,-52.709065993861,$14,,"Welcome to Victoria Hall in St. John&apos;s, a distinguished historic building with immense potential. Currently utilized as offices, this architectural gem offers a unique opportunity for transformation ..."
"75 Airport Road St. John&apos;s, Newfoundland &amp; Labrador",https://www.kijiji.ca/v-commercial-office-space/st-johns/75-airport-road-st-johns-newfoundland-labrador/1736610883,"Airport Road, St. John&apos;s, NL, A1A4Y3",47.606259889418,-52.741805929905,$18,,"Professional office space for lease on Airport Road in the east end. This 2,000 sq ft unit offers a functional layout including a boardroom, three private offices, and kitchenette on the main level. ..."
"240 Memorial Drive Clarenville, Newfoundland &amp; Labrador",https://www.kijiji.ca/v-commercial-office-space/st-johns/240-memorial-drive-clarenville-newfoundland-labrador/1736550270,"Memorial Drive, Clarenville, NL, A5A0E4",48.16372027981,-53.968388707765,$10,,"Flexible regional service space available in an established commercial plaza, ideal for training, health and wellness, professional office, public-sector, and service-based users. Formerly occupied ..."
"246 Memorial Drive Unit#3 Clarenville, Newfoundland &amp; Labrador",https://www.kijiji.ca/v-commercial-office-space/st-johns/246-memorial-drive-unit-3-clarenville-newfoundland-labrador/1734971674,"Memorial Drive Unit#3, Clarenville, NL, A5A1N9",48.160484623239,-53.970276505673,$650,,Small retail space located in the Lower Mall which is part of the Clarenville Shopping Centre. High traffic area. Ideal for small business. Rent includes all common area expenses including heat and ...
"100 Logy Bay Road St. John&apos;s, Newfoundland &amp; Labrador",https://www.kijiji.ca/v-commercial-office-space/st-johns/100-logy-bay-road-st-johns-newfoundland-labrador/1721695719,"Logy Bay Road, St. John&apos;s, NL, A1A1J6",47.58879321841,-52.701462606305,$19,,Are you searching for a scenic and private location to establish your commercial office or retail space? Look no further. This property offers a tranquil setting ideal for businesses looking to ...
3 Bed / 2.5 Bath Split Entry  — CBS,https://www.kijiji.ca/v-short-term-rental/st-johns/3-bed-2-5-bath-split-entry-cbs/1737991436,"Conception Bay South, NL A1X 6G5",47.482062181217,-53.037828417978,$2200,Bedrooms: 3 *** Bathrooms: 2.5 *** Pets Allowed: Yes,"1,800 sq ft split entry home in a quiet CBS (Upper Gullies) cul-de-sac with a view of the bay. Minutes from the nearest school. 3 bedrooms, 2.5 bathrooms Two levels of living space 2 heat pumps All ..."
"85 Duckworth Street St. John&apos;s, Newfoundland &amp; Labrador",https://www.kijiji.ca/v-commercial-office-space/st-johns/85-duckworth-street-st-johns-newfoundland-labrador/1737983083,"Duckworth Street, St. John&apos;s, NL, A1C1E6",47.57030631383,-52.700802307399,$6000,,"FOR LEASE! Location, location, location! Fantastic opportunity for a wide range of retail businesses. Recently the space was occupied as a food and beer pub with outdoor beer garden. Ideally a new ..."
Garage for rent,https://www.kijiji.ca/v-storage-parking/st-johns/garage-for-rent/1737944842,"St. John&apos;s, NL A1E",47.536188984,-52.753022265,$1500,,West end. Garage for rent. 30x30 with 11ft ceilings. Mini split for heat. Tucked away in quiet cul de sac. Excellent for storage etc. ABSOLUTELY NO MECHANICS. Available end of May. Price $1500. ...
Room for rent near Avalon Mall - $550,https://www.kijiji.ca/v-room-rental-roommate/st-johns/room-for-rent-near-avalon-mall-550/1737917536,"St. John&apos;s, NL A1B 4R9",47.56197017504,-52.760637455043,$550,Pets Allowed: No,Room for rent close to Avalon Mall - Available May 20th - Located on the main Floor of a 4 bedrooms 2.5 bathrooms 2 stories house. in a clean and well maintained house. There are other tenants in the ...
"42 O&apos;Leary Avenue St. John&apos;s, Newfoundland &amp; Labrador",https://www.kijiji.ca/v-commercial-office-space/st-johns/42-oleary-avenue-st-johns-newfoundland-labrador/1733415745,"O&apos;Leary Avenue, St. John&apos;s, NL, A1B2C7",47.559531636805,-52.763076210879,$3000,,"Position your business in one of St. John’s most convenient commercial corridors, just minutes from the Avalon Mall, Kelsey Drive, and Kenmount Road. This approximately 1,460 square foot unit offers ..."
High Traffic Commercial Space,https://www.kijiji.ca/v-commercial-office-space/st-johns/high-traffic-commercial-space/1737909613,"210 Kenmount Rd, St. John&apos;s, NL A1B 3R2",47.553910011218,-52.772224011259,$14000,,"PRIME COMMERCIAL LEASING OPPORTUNITY 120,000+ Vehicles Pass Daily – Maximum Exposure! Position your business in a high-visibility location with exceptional traffic flow and a versatile commercial ..."
Furnished 3 bedroom apartment/single rooms avaliable + 2 Bthrms,https://www.kijiji.ca/v-room-rental-roommate/st-johns/furnished-3-bedroom-apartment-single-rooms-avaliable-2-bthrms/1737852862,"St. John&apos;s, NL A1B 0A5",47.548932459927,-52.79288163073,$700,Pets Allowed: No,Furnished 3 bedroom in main floor home with 2 bathrooms for rent in Kenmount Terrace. POU. Located on Great Eastern Avenue. Available July 1st! 1 min walk to bus stop 20mins walk to grocery store ...
Office Space ideal for health care practitioners &amp; professionals,https://www.kijiji.ca/v-commercial-office-space/st-johns/office-space-ideal-for-health-care-practitioners-professionals/1737827641,"Mount Pearl, NL A1N 1W1",47.518034962713,-52.804669687899,$650,,"High visibility office space is available in this high visibility and convenient central location in Mt. Pearl. The offices are clean, bright, with hard wood floors, individual control for a ..."
decent house 4 beds -- summer Rental Available from now to Aug31,https://www.kijiji.ca/v-short-term-rental/st-johns/decent-house-4-beds-summer-rental-available-from-now-to-aug31/1724655695,"St. John&apos;s, NL A1B 2W1",47.576858865831,-52.723563878203,$1950,Bedrooms: 4 *** Bathrooms: 1 *** Pets Allowed: No,"Available from now to Sep 1st. It is a Nice house in decent neighborhood beside a nice park and playground, with 4 bedrooms plus dent, large living room, bath/kitchen/dining room, plus beautiful ..."
"1 Crosbie Place Unit#102 St. Johns, Newfoundland &amp; Labrador",https://www.kijiji.ca/v-commercial-office-space/st-johns/1-crosbie-place-unit-102-st-johns-newfoundland-labrador/1734737644,"Crosbie Place Unit#102, St. Johns, NL, A1B3Y8",47.559714688714,-52.745618090381,$20,,"Situated on the main floor, this 1,330 sq. ft. office space offers a professional and functional layout, ready to accommodate your business needs. The unit features a private office, a spacious area ..."
"1200 Topsail Road Mount Pearl, Newfoundland &amp; Labrador",https://www.kijiji.ca/v-commercial-office-space/st-johns/1200-topsail-road-mount-pearl-newfoundland-labrador/1737716729,"Topsail Road, Mount Pearl, NL, A1N5E8",47.530044422973,-52.829477496489,$3000,,"Position your business for success in the heart of Mount Pearl with this prime commercial property offering exceptional street exposure and easy accessibility for customers, clients, and deliveries ..."
"510 Topsail Road Unit#106 St. John&apos;s, Newfoundland &amp; Labrador",https://www.kijiji.ca/v-commercial-office-space/st-johns/510-topsail-road-unit-106-st-johns-newfoundland-labrador/1731854310,"Topsail Road Unit#106, St. John&apos;s, NL, A1E2C2",47.532543827562,-52.75395900605,$1150,,"Whether you tired of working from home and having the kids interrupt your work day or you just need an office or two to run your business, this space has it all. There is even a boardroom that can ..."
"510 Topsail Road Unit#105 St. John&apos;s, Newfoundland &amp; Labrador",https://www.kijiji.ca/v-commercial-office-space/st-johns/510-topsail-road-unit-105-st-johns-newfoundland-labrador/1731854308,"Topsail Road Unit#105, St. John&apos;s, NL, A1E2C2",47.532543827562,-52.75395900605,$950,,"Whether you tired of working from home and having the kids interrupt your work day or you just need an office or two to run your business, this space has it all. There is even a boardroom that can ..."
"510 Topsail Road Unit#116 St. John&apos;s, Newfoundland &amp; Labrador",https://www.kijiji.ca/v-commercial-office-space/st-johns/510-topsail-road-unit-116-st-johns-newfoundland-labrador/1731854309,"Topsail Road Unit#116, St. John&apos;s, NL, A1E2C2",47.532543827562,-52.75395900605,$1050,,"Whether you tired of working from home and having the kids interrupt your work day or you just need an office or two to run your business, this space has it all. There is even a boardroom that can ..."
"16 Stavanger Drive Unit#1 St. John&apos;s, Newfoundland &amp; Labrador",https://www.kijiji.ca/v-commercial-office-space/st-johns/16-stavanger-drive-unit-1-st-johns-newfoundland-labrador/1736012582,"Stavanger Drive Unit#1, St. John&apos;s, NL, A1A5E8",47.614564941085,-52.717705263159,$21,,"Don’t miss out on this exceptional leasing opportunity! A spacious 4,914 square foot unit will be available at 16 Stavanger Drive, located in the thriving East End of St. John’s. Key Features: •Prime ..."
"30-44 Ropewalk Lane Unit#1 St. John&apos;s, Newfoundland &amp; Labrador",https://www.kijiji.ca/v-commercial-office-space/st-johns/30-44-ropewalk-lane-unit-1-st-johns-newfoundland-labrador/1733103261,"Ropewalk Lane Unit#1, St. John&apos;s, NL, A1E5T2",47.556154642979,-52.735210365027,$19,,"Unit 1 at 30–44 Ropewalk Lane offers approximately 3,600 square feet of versatile commercial space in a well-located and highly accessible area of St. John’s. This ground-level unit provides ..."
"187 Kenmount Road Unit#104 St. John&apos;s, Newfoundland &amp; Labrador",https://www.kijiji.ca/v-commercial-office-space/st-johns/187-kenmount-road-unit-104-st-johns-newfoundland-labrador/1737502034,"Kenmount Road Unit#104, St. John&apos;s, NL, A1B3P9",47.542929759968,-52.788555311406,$16,,"Suite 104 at 187 Kenmount Road offers 3,326 sq. ft. of professional office space in a highly visible, well-positioned office building. Located on the first floor, the space benefits from excellent ..."
"185 Commonwealth Avenue Mount Pearl, Newfoundland &amp; Labrador",https://www.kijiji.ca/v-commercial-office-space/st-johns/185-commonwealth-avenue-mount-pearl-newfoundland-labrador/1733057189,"Commonwealth Avenue, Mount Pearl, NL, A1N4L3",47.507075424119,-52.793976156207,$1000,,"This space is well suited for warehouse and storage. The lease includes snow clearing, exterior maintenance, and common area costs. Located on the back of the main building and is inside the gated ..."
1 Bedroom for Rent,https://www.kijiji.ca/v-room-rental-roommate/st-johns/1-bedroom-for-rent/1737455584,"Mount Pearl, NL, A1N 3A9",47.503735393986,-52.804355282711,$500,Pets Allowed: No,"LOOKING FOR HOUSEMATE :) Room Available Immediately (June) /Located in Mt. Pearl /Single occupant /Shared kitchen and bathroom /5 min walk to Bus stop #21 and #22 /10 to 15 min walk to Walmart, ..."
"Oceanfront Cottage Weekly Rental – Random Island, NL",https://www.kijiji.ca/v-short-term-rental/st-johns/oceanfront-cottage-weekly-rental-random-island-nl/1737452604,"1512 Random Island Rd, Division No. 7, Subdivision L, A0C 1P0",48.147743878955,-54.028866008869,$650,Bedrooms: 2 *** Bathrooms: 1,"Oceanfront Cottage Weekly Rental – Random Island, NL 1512 Random Island Road – Lady Cove / Hickman’s Harbour Escape to the Newfoundland coast with this cozy oceanfront 2 bedroom cottage/home located ..."
151A University Ave - 2 rooms for rent in 4 bedroom house,https://www.kijiji.ca/v-room-rental-roommate/st-johns/151a-university-ave-2-rooms-for-rent-in-4-bedroom-house/1737450399,"St. John&apos;s, NL A1B 1Z6",47.566407135486,-52.742219983014,$550,Pets Allowed: No,5 min walk to MUN &amp; HSC Bus route in front of house Off street parking available Common area furniture and appliances included Utilities included Available immediately
room for rent ,https://www.kijiji.ca/v-room-rental-roommate/st-johns/room-for-rent/1737415212,"85 Viking Rd, St. John&apos;s, NL A1B 1J3",47.557801980319,-52.751820028178,$850,,"The upstairs was fully renovated which has 5 bedrooms sharing 2 bathrooms. Currently, 3 female tenants live there. They are all very nice. Rent is $850 per room including water, electricity, heating, ..."
"75 Tiffany Court St. John&apos;s, Newfoundland &amp; Labrador",https://www.kijiji.ca/v-commercial-office-space/st-johns/75-tiffany-court-st-johns-newfoundland-labrador/1725097792,"Tiffany Court, St. John&apos;s, NL, A1A0L1",47.588310976321,-52.713784963225,$25,,"Now available in the highly sought-after East End, this professional space offers approximately 3,530 sq. ft. of well-laid-out floor area, ideal for a wide range of business uses but ideal for ..."
"30-44 Ropewalk Lane Unit#13 St. John&apos;s, Newfoundland &amp; Labrador",https://www.kijiji.ca/v-commercial-office-space/st-johns/30-44-ropewalk-lane-unit-13-st-johns-newfoundland-labrador/1735800124,"Ropewalk Lane Unit#13, St. John&apos;s, NL, A1E5T2",47.556154642979,-52.735210365027,$19,,"Unit 1 at 30–44 Ropewalk Lane offers approximately 4,124 square feet of versatile commercial space in a well-located and highly accessible area of St. John’s. This ground-level unit provides ..."
"25 Verafin Way Unit#2 St. John&apos;s, Newfoundland &amp; Labrador",https://www.kijiji.ca/v-commercial-office-space/st-johns/25-verafin-way-unit-2-st-johns-newfoundland-labrador/1734354125,"Verafin Way Unit#2, St. John&apos;s, NL, A1A0L9",47.617666748174,-52.726771213453,$32,,"Unit 2 of a modern three-unit class-a commercial building is available for lease at 25 Verafin Way, located in the highly desirable east end of St. John’s. This newly constructed space offers a ..."
"35 Campbell Avenue St. John&apos;s, Newfoundland &amp; Labrador",https://www.kijiji.ca/v-commercial-office-space/st-johns/35-campbell-avenue-st-johns-newfoundland-labrador/1731572000,"Campbell Avenue, St. John&apos;s, NL, A1E2Z3",47.554541819579,-52.726005130926,$14,,Retail and Office building for lease . 4667sqft space. Previously occupied by Doctors . There is one additional floor of office space (equivalent square footage of 4667sqft each) which is currently ...
Private room for rent ,https://www.kijiji.ca/v-room-rental-roommate/st-johns/private-room-for-rent/1737287397,"Balsam St, St. John&apos;s, NL A1C",47.563722579632,-52.710923150312,$675,Pets Allowed: No,One unfurnished bedroom is available for rent immediately. We are seeking mature and responsible tenants. Utilities are not included in the monthly rent and will be shared among tenants. The house is ...
ROOM FOR FEMALE,https://www.kijiji.ca/v-room-rental-roommate/st-johns/room-for-female/1724880854,"St. John&apos;s, NL A1A",47.610621483,-52.725586414,$499,,"Rent covers heat, light, internet. • Full size washer and dryer in spacious laundry room• Large kitchen two refrigerators• Bus stop next to house• Near &amp; walking distance to Torbay Mall, Sobeys ..."
Room for rent,https://www.kijiji.ca/v-room-rental-roommate/st-johns/room-for-rent/1737254658,"19 Gambier St, St. John&apos;s, NL A1B 3G2",47.5648970099,-52.740878962325,$750,Pets Allowed: No,"A room is available in the heart of St Johns near to MUN, hospital,mall grocery shops,market on main bus route. Please contact on Vipul.Thakur.eng@gmail.com.$ 750 for single occupant and if you need ..."
TWO ROOMS FOR RENT-GREAT LOCATION. 10 MINS WALK TO MUN AND DWNTN,https://www.kijiji.ca/v-room-rental-roommate/st-johns/two-rooms-for-rent-great-location-10-mins-walk-to-mun-and-dwntn/1737072212,"St. John&apos;s, NL A1C 3Z5",47.569744054959,-52.71600155752,$725,Pets Allowed: No,Two Rooms available June 1st. $775 and $725. Spacious home close to MUN and downtown. Rent includes all utilities. Winter heating cap. Washer/Dryer/Dishwasher. Ample parking in area. No Smoking. No ...
Room for rent in Female house,https://www.kijiji.ca/v-room-rental-roommate/st-johns/room-for-rent-in-female-house/1737032266,"St. John&apos;s, NL A1B 3H4",47.568642505244,-52.748503560549,$600,Pets Allowed: No,"Hello, Renting 1 bedroom in a 4 bedroom house, the house has female occupant, therefore looking for female tenant. Rent includes utilities and internet. House is located on Wicklow St, very close to ..."
One private bedroom and bathroom.  Shared house accommodations.,https://www.kijiji.ca/v-room-rental-roommate/st-johns/one-private-bedroom-and-bathroom-shared-house-accommodations/1737011615,"St. John&apos;s, NL A1B 0J6",47.550759379543,-52.792146956917,$1200,Pets Allowed: No,"One-bedroom, own bathroom and full access to other rooms of the house (main level, basement) for rent @ $1,200/month. Located in Kenmount Terrace and ideal for the person who likes their privacy. ..."
"Room for Rent — St. John&apos;s, A1B 1N4",https://www.kijiji.ca/v-room-rental-roommate/st-johns/room-for-rent-st-johns-a1b-1n4/1736675752,"St. John&apos;s, NL A1B 1N4",47.578153827963,-52.71128791045,$650,,"$650/month + utilities | Deposit: $488 Available immediately. Serious inquiries only. ABOUT THE ROOM Private room in a clean, quiet house in a safe and convenient neighbourhood. Walking distance: ..."
23 Whiteway St - 2 rooms for rent in 4 bedroom house,https://www.kijiji.ca/v-room-rental-roommate/st-johns/23-whiteway-st-2-rooms-for-rent-in-4-bedroom-house/1736523715,"St. John&apos;s, NL A1B 1J9",47.570105608353,-52.726456221531,$575,Pets Allowed: No,2 min walk to MUN Available immediately On bus route Common area furniture included Utilities included Appliances included
Furnished room at MUN entrance,https://www.kijiji.ca/v-room-rental-roommate/st-johns/furnished-room-at-mun-entrance/1736342260,"St. John&apos;s, NL A1B 1T4",47.572430874022,-52.726941366087,$630,Pets Allowed: No,"One large furnished bedroom is now available for single occupancy in a house at 217 Elizabeth Avenue, which is located just at the entrance of the Memorial University (MUN) St. John’s campus with ..."
BIG PRIVATE ROOM FOR RENT $550 POU/MONTH AVAILABLE MAY 1ST,https://www.kijiji.ca/v-room-rental-roommate/st-johns/big-private-room-for-rent-550-pou-month-available-may-1st/1735815138,"A Conway Crescent, St. John&apos;s, NL",47.591391765601,-52.704884424633,$550,,"Big private room for rent $550/month POU! The room is very big in a 2-bedroom basement apartment. Laundry, kitchen and bathroom are shared. Internet and power bills will be divided among tenants and ..."
